timestamp,ip,cnt_last_1m,cnt_last_5m,cnt_last_15m,succ_count,fail_count,total_count,fail_rate,event_user,event_result
2025-10-01 00:00:00,10.0.0.2,6,10,134,7,3,2,0.200005672849223,bob,success
2025-10-01 00:01:00,192.168.0.1,0,42,116,4,2,12,0.839458167415319,dave,success
2025-10-01 00:02:00,192.168.0.2,4,5,56,0,4,9,0.7909433601245475,bob,success
2025-10-01 00:03:00,192.168.0.1,0,40,33,5,0,14,0.16941124768328497,dave,success
2025-10-01 00:04:00,10.0.0.2,9,8,60,9,4,7,0.6142589642695823,dave,success
2025-10-01 00:05:00,192.168.0.1,2,4,135,3,0,4,0.8538307320517611,charlie,success
2025-10-01 00:06:00,192.168.0.2,0,2,92,7,3,7,0.15336851032580145,dave,success
2025-10-01 00:07:00,192.168.0.1,3,18,43,6,3,8,0.2813924527999401,alice,success
2025-10-01 00:08:00,192.168.0.2,0,20,30,7,1,7,0.6700324449843671,bob,success
2025-10-01 00:09:00,10.0.0.2,7,34,132,6,3,8,0.5365250467736085,dave,success
2025-10-01 00:10:00,192.168.0.2,8,5,5,6,1,14,0.00662664313196526,dave,failed
2025-10-01 00:11:00,192.168.0.2,6,36,40,4,3,13,0.47417108128378493,charlie,success
2025-10-01 00:12:00,192.168.0.2,7,34,87,8,3,12,0.8575398890313826,alice,success
2025-10-01 00:13:00,10.0.0.1,1,16,143,0,0,10,0.09673428143646678,charlie,failed
2025-10-01 00:14:00,10.0.0.2,3,28,108,0,3,11,0.16245461179687148,dave,success
2025-10-01 00:15:00,10.0.0.2,4,49,86,9,1,4,0.17983118376785323,bob,success
2025-10-01 00:16:00,192.168.0.1,1,30,34,5,1,14,0.9580487262779428,dave,success
2025-10-01 00:17:00,10.0.0.1,1,27,121,7,1,3,0.8321606896654004,bob,success
2025-10-01 00:18:00,10.0.0.2,6,1,141,4,4,5,0.38040931440071735,dave,success
2025-10-01 00:19:00,10.0.0.1,9,6,99,7,1,7,0.7345898843029105,alice,success
2025-10-01 00:20:00,10.0.0.2,5,0,82,2,3,7,0.10598321902643226,charlie,success
2025-10-01 00:21:00,10.0.0.2,6,16,25,1,1,5,0.6426760953524049,bob,failed
2025-10-01 00:22:00,192.168.0.2,0,6,41,6,0,4,0.627475830840495,bob,success
2025-10-01 00:23:00,10.0.0.2,1,14,103,7,4,5,0.2002468915864032,bob,failed
2025-10-01 00:24:00,10.0.0.2,8,4,78,8,1,8,0.5875878090271319,dave,failed
2025-10-01 00:25:00,10.0.0.1,3,35,125,1,4,11,0.7871489949198534,dave,success
2025-10-01 00:26:00,10.0.0.1,9,13,22,9,4,11,0.8896171135507356,dave,failed
2025-10-01 00:27:00,192.168.0.1,9,43,137,0,2,5,0.6229299165888488,dave,success
2025-10-01 00:28:00,10.0.0.1,4,30,119,6,2,14,0.919835478238367,alice,failed
2025-10-01 00:29:00,192.168.0.2,7,15,112,9,3,11,0.960508998043899,dave,success
2025-10-01 00:30:00,10.0.0.2,5,43,136,7,4,12,0.27277534910807544,bob,success
2025-10-01 00:31:00,10.0.0.1,4,3,106,7,3,11,0.11298944486430518,bob,success
2025-10-01 00:32:00,192.168.0.2,4,21,116,2,0,13,0.19838552466409487,charlie,success
2025-10-01 00:33:00,10.0.0.1,2,11,25,7,3,4,0.30869253323198165,bob,success
2025-10-01 00:34:00,10.0.0.2,6,4,85,7,4,10,0.8967467620325517,dave,success
2025-10-01 00:35:00,192.168.0.1,2,0,64,0,1,1,0.7550587633362086,charlie,success
2025-10-01 00:36:00,10.0.0.2,7,24,127,8,4,13,0.804537404680175,alice,success
2025-10-01 00:37:00,192.168.0.1,2,33,107,1,1,12,0.01604788438027016,dave,success
2025-10-01 00:38:00,10.0.0.1,2,13,123,7,3,10,0.23567025868350255,dave,success
2025-10-01 00:39:00,192.168.0.2,8,47,129,6,4,12,0.4482918202142616,charlie,failed
2025-10-01 00:40:00,192.168.0.1,4,23,92,3,1,2,0.1724347016320924,bob,success
2025-10-01 00:41:00,10.0.0.1,6,31,9,4,4,2,0.9467994561074529,alice,failed
2025-10-01 00:42:00,10.0.0.1,2,6,113,2,4,1,0.41465177124072583,dave,success
2025-10-01 00:43:00,10.0.0.1,8,8,77,9,0,10,0.07281806798240076,charlie,success
2025-10-01 00:44:00,192.168.0.2,2,7,73,1,1,7,0.3473235320070368,bob,success
2025-10-01 00:45:00,10.0.0.2,4,8,120,5,0,10,0.25842969464834253,alice,success
2025-10-01 00:46:00,192.168.0.1,7,27,48,4,2,11,0.387384770060049,bob,failed
2025-10-01 00:47:00,10.0.0.2,6,3,36,5,0,1,0.40132332621905387,charlie,success
2025-10-01 00:48:00,192.168.0.1,0,24,113,1,1,10,0.025914428335956696,dave,success
2025-10-01 00:49:00,192.168.0.2,5,26,4,5,0,13,0.21451513746026485,bob,success
2025-10-01 00:50:00,10.0.0.1,1,7,135,6,0,13,0.2469168742351623,charlie,success
2025-10-01 00:51:00,10.0.0.2,1,44,29,3,4,13,0.5555336134259052,alice,success
2025-10-01 00:52:00,192.168.0.2,8,47,99,3,2,7,0.20480812726231123,bob,success
2025-10-01 00:53:00,192.168.0.1,7,36,85,4,2,14,0.6114443212785924,charlie,success
2025-10-01 00:54:00,192.168.0.1,4,49,135,2,1,12,0.2843390312740458,alice,success
2025-10-01 00:55:00,10.0.0.1,5,19,126,0,0,14,0.4289497468151535,bob,success
2025-10-01 00:56:00,192.168.0.1,5,2,121,4,1,7,0.9039679237332597,charlie,success
2025-10-01 00:57:00,192.168.0.2,0,9,116,5,1,6,0.35969955873797643,charlie,success
2025-10-01 00:58:00,192.168.0.1,4,39,109,5,4,2,0.660367033590385,bob,success
2025-10-01 00:59:00,10.0.0.2,0,14,24,0,2,2,0.2555982453173875,dave,failed
2025-10-01 01:00:00,192.168.0.1,1,23,70,0,0,12,0.12603424302050015,alice,success
2025-10-01 01:01:00,10.0.0.1,2,10,8,1,2,4,0.047545007746157775,charlie,success
2025-10-01 01:02:00,10.0.0.2,6,25,127,2,2,3,0.42602655154363067,charlie,success
2025-10-01 01:03:00,192.168.0.1,2,27,56,8,2,7,0.6480868926878064,dave,success
2025-10-01 01:04:00,10.0.0.2,2,3,67,4,4,3,0.5325674873769757,charlie,success
2025-10-01 01:05:00,10.0.0.1,4,12,102,2,2,9,0.36514548455462825,alice,success
2025-10-01 01:06:00,192.168.0.2,3,14,26,0,0,1,0.885166770034009,bob,success
2025-10-01 01:07:00,192.168.0.1,9,11,8,5,2,11,0.6844305119900753,alice,success
2025-10-01 01:08:00,192.168.0.1,8,2,65,0,0,11,0.774706917556499,dave,success
2025-10-01 01:09:00,10.0.0.2,7,41,77,8,4,8,0.8116242154303462,alice,success
2025-10-01 01:10:00,10.0.0.2,2,40,5,6,1,9,0.508616143742489,charlie,success
2025-10-01 01:11:00,192.168.0.2,2,13,132,4,2,10,0.20596658232050125,bob,failed
2025-10-01 01:12:00,192.168.0.2,5,30,135,4,2,11,0.992875699446892,bob,success
2025-10-01 01:13:00,192.168.0.2,9,30,7,6,0,6,0.5475300305538808,charlie,success
2025-10-01 01:14:00,192.168.0.2,6,22,22,3,4,8,0.03770786262852677,bob,success
2025-10-01 01:15:00,10.0.0.2,6,43,111,4,3,11,0.9594307315111971,charlie,failed
2025-10-01 01:16:00,10.0.0.1,1,44,139,9,4,12,0.0826019186204211,dave,success
2025-10-01 01:17:00,192.168.0.1,9,49,62,9,2,12,0.048257791529695004,bob,success
2025-10-01 01:18:00,10.0.0.1,2,36,114,1,1,5,0.41046095663581206,dave,success
2025-10-01 01:19:00,10.0.0.1,8,29,34,7,3,9,0.009215490184984243,bob,success
2025-10-01 01:20:00,192.168.0.1,7,45,138,4,0,10,0.6694660633552861,charlie,success
2025-10-01 01:21:00,10.0.0.2,5,2,21,8,0,12,0.6957154973778639,charlie,success
2025-10-01 01:22:00,192.168.0.2,1,4,56,9,4,6,0.5239208857149468,charlie,failed
2025-10-01 01:23:00,192.168.0.2,1,6,28,8,1,14,0.04185756911523386,charlie,success
2025-10-01 01:24:00,192.168.0.2,5,35,54,5,2,5,0.552867830430841,bob,failed
2025-10-01 01:25:00,192.168.0.2,3,34,103,3,2,12,0.9843306612940633,alice,success
2025-10-01 01:26:00,10.0.0.1,9,21,29,9,0,6,0.6917140864739529,alice,success
2025-10-01 01:27:00,10.0.0.2,3,6,146,5,4,6,0.9485311738769597,alice,success
2025-10-01 01:28:00,192.168.0.2,4,3,60,8,0,11,0.8086142655981741,alice,success
2025-10-01 01:29:00,192.168.0.1,4,18,37,1,4,2,0.3432817752568691,charlie,success
2025-10-01 01:30:00,192.168.0.1,9,43,45,2,3,2,0.9435525714335944,charlie,failed
2025-10-01 01:31:00,192.168.0.2,1,17,142,7,0,9,0.900641540491887,dave,success
2025-10-01 01:32:00,10.0.0.1,4,46,17,7,4,12,0.8882171377840804,alice,failed
2025-10-01 01:33:00,192.168.0.2,3,26,86,3,0,2,0.29945748023004093,charlie,success
2025-10-01 01:34:00,10.0.0.2,3,17,88,6,1,4,0.7836232054983139,charlie,success
2025-10-01 01:35:00,10.0.0.1,7,4,14,4,4,5,0.6340620601781602,charlie,success
2025-10-01 01:36:00,192.168.0.2,3,31,139,5,1,14,0.7765911740366196,bob,failed
2025-10-01 01:37:00,192.168.0.1,4,36,1,0,3,13,0.928056756066174,bob,success
2025-10-01 01:38:00,10.0.0.2,3,35,127,5,4,4,0.4832795392670979,bob,success
2025-10-01 01:39:00,10.0.0.1,1,35,52,0,2,2,0.8727903812958241,bob,success
2025-10-01 01:40:00,10.0.0.2,0,23,32,3,1,13,0.21022551916518695,bob,success
2025-10-01 01:41:00,10.0.0.1,4,18,108,5,1,10,0.5149525836928674,alice,success
2025-10-01 01:42:00,192.168.0.1,1,32,120,3,3,14,0.14415912980447498,dave,failed
2025-10-01 01:43:00,192.168.0.1,5,18,78,9,0,13,0.22023450732890704,alice,success
2025-10-01 01:44:00,10.0.0.2,6,40,53,5,2,13,0.022962952983719864,alice,success
2025-10-01 01:45:00,10.0.0.2,6,48,18,9,4,6,0.9238586398706329,dave,success
2025-10-01 01:46:00,10.0.0.1,8,41,45,8,1,9,0.14013162315595218,dave,success
2025-10-01 01:47:00,10.0.0.2,3,23,140,2,2,9,0.5253938807968664,bob,success
2025-10-01 01:48:00,192.168.0.1,4,40,62,6,1,6,0.0023752785064874438,bob,failed
2025-10-01 01:49:00,192.168.0.1,0,17,97,5,3,9,0.40692878012406497,bob,success
2025-10-01 01:50:00,10.0.0.1,3,8,106,8,2,10,0.36023646300584267,bob,success
2025-10-01 01:51:00,10.0.0.2,7,17,119,5,3,13,0.7990968276514145,charlie,success
2025-10-01 01:52:00,10.0.0.2,5,41,10,0,0,14,0.49080530751844276,alice,success
2025-10-01 01:53:00,10.0.0.2,0,48,26,1,1,10,0.2335469548939415,bob,success
2025-10-01 01:54:00,192.168.0.2,1,43,120,4,0,6,0.36464627245995707,charlie,success
2025-10-01 01:55:00,10.0.0.1,2,7,100,2,0,6,0.09806871444738674,alice,success
2025-10-01 01:56:00,192.168.0.1,4,40,146,9,1,11,0.04209621438931899,bob,failed
2025-10-01 01:57:00,192.168.0.2,1,33,13,7,2,1,0.47093226972387614,charlie,success
2025-10-01 01:58:00,192.168.0.2,4,14,139,3,4,13,0.36000972726953473,bob,success
2025-10-01 01:59:00,192.168.0.1,8,5,89,4,1,3,0.7988269678289334,alice,success
2025-10-01 02:00:00,192.168.0.1,2,7,138,4,4,14,0.567644001731387,dave,success
2025-10-01 02:01:00,10.0.0.1,4,0,42,2,1,4,0.7179413795417038,charlie,success
2025-10-01 02:02:00,192.168.0.2,1,7,44,8,0,4,0.18107060037456257,charlie,success
2025-10-01 02:03:00,192.168.0.2,2,13,101,7,4,6,0.39607520879168,alice,failed
2025-10-01 02:04:00,192.168.0.1,4,17,97,4,2,12,0.8363680126969192,alice,success
2025-10-01 02:05:00,192.168.0.1,8,10,65,1,1,13,0.44861853528578544,dave,success
2025-10-01 02:06:00,192.168.0.1,2,49,103,9,2,1,0.2435663313589379,alice,success
2025-10-01 02:07:00,192.168.0.2,6,39,104,8,4,7,0.02008204931263613,charlie,success
2025-10-01 02:08:00,192.168.0.2,6,26,15,9,1,5,0.167090753927833,alice,success
2025-10-01 02:09:00,10.0.0.2,9,6,72,4,4,4,0.22584358427339046,alice,success
2025-10-01 02:10:00,192.168.0.1,8,36,130,3,0,14,0.5078093157406123,bob,success
2025-10-01 02:11:00,10.0.0.1,6,47,41,0,1,1,0.7049099649217362,bob,success
2025-10-01 02:12:00,10.0.0.1,0,44,57,0,4,1,0.931622829826957,alice,success
2025-10-01 02:13:00,10.0.0.1,7,9,69,1,0,1,0.31519099936230976,alice,success
2025-10-01 02:14:00,10.0.0.1,9,37,50,8,0,5,0.4696586476515381,charlie,success
2025-10-01 02:15:00,10.0.0.1,3,19,24,8,2,13,0.809144482074424,alice,success
2025-10-01 02:16:00,192.168.0.2,1,42,4,1,3,10,0.6945298878101105,charlie,success
2025-10-01 02:17:00,10.0.0.2,0,15,2,1,4,13,0.9968803601755314,dave,success
2025-10-01 02:18:00,192.168.0.2,1,41,126,3,2,7,0.357190365205862,dave,success
2025-10-01 02:19:00,10.0.0.1,3,20,132,9,4,13,0.875878240126285,dave,success
2025-10-01 02:20:00,10.0.0.1,5,14,13,6,3,11,0.9862613321340327,bob,success
2025-10-01 02:21:00,10.0.0.2,5,39,73,1,0,5,0.8326274483795755,charlie,success
2025-10-01 02:22:00,192.168.0.1,7,16,23,1,4,10,0.42326232744122827,dave,failed
2025-10-01 02:23:00,10.0.0.2,0,8,13,3,4,2,0.2285325350196713,alice,failed
2025-10-01 02:24:00,10.0.0.2,4,26,35,6,2,10,0.5774492523941325,alice,success
2025-10-01 02:25:00,10.0.0.1,2,45,121,7,3,14,0.8834529960582701,alice,success
2025-10-01 02:26:00,192.168.0.2,8,7,143,0,0,12,0.5634800547300501,alice,success
2025-10-01 02:27:00,192.168.0.1,2,9,103,7,1,11,0.8361576778424233,bob,success
2025-10-01 02:28:00,192.168.0.2,8,44,16,5,2,5,0.27134615764808545,alice,success
2025-10-01 02:29:00,10.0.0.2,6,47,120,3,4,12,0.3759450167561027,charlie,success
2025-10-01 02:30:00,10.0.0.1,4,34,34,3,0,9,0.04416510837061549,charlie,success
2025-10-01 02:31:00,10.0.0.2,6,30,36,1,4,3,0.7211545234170501,dave,failed
2025-10-01 02:32:00,192.168.0.1,2,49,73,1,3,10,0.8822412001458017,charlie,success
2025-10-01 02:33:00,10.0.0.1,1,45,148,6,1,4,0.7528671118464605,dave,success
2025-10-01 02:34:00,192.168.0.1,0,47,107,5,4,10,0.328537457425655,alice,success
2025-10-01 02:35:00,10.0.0.1,8,44,106,8,0,14,0.4692482805366379,bob,success
2025-10-01 02:36:00,192.168.0.1,0,40,100,7,2,2,0.1074255247360052,dave,success
2025-10-01 02:37:00,192.168.0.2,8,17,80,8,3,8,0.03531895642257876,alice,success
2025-10-01 02:38:00,192.168.0.2,6,19,139,7,2,3,0.9787805277237935,bob,success
2025-10-01 02:39:00,192.168.0.2,3,9,28,2,3,8,0.2649425863461362,dave,success
2025-10-01 02:40:00,10.0.0.1,3,34,149,3,4,12,0.560435240105133,bob,success
2025-10-01 02:41:00,192.168.0.2,1,19,10,9,0,5,0.4318439107550185,dave,success
2025-10-01 02:42:00,10.0.0.2,8,42,29,1,4,6,0.8752187765677336,bob,failed
2025-10-01 02:43:00,10.0.0.1,6,11,102,9,2,11,0.13196657884357876,bob,success
2025-10-01 02:44:00,192.168.0.1,0,9,108,9,2,3,0.9919309888830747,dave,success
2025-10-01 02:45:00,192.168.0.2,8,11,13,0,3,13,0.37397892477712047,charlie,success
2025-10-01 02:46:00,192.168.0.2,1,2,68,5,2,11,0.009652112342544927,alice,success
2025-10-01 02:47:00,10.0.0.2,3,30,136,5,0,13,0.8202425352632122,alice,success
2025-10-01 02:48:00,192.168.0.1,5,13,107,8,4,4,0.3918064713968368,dave,success
2025-10-01 02:49:00,192.168.0.2,3,24,138,1,4,2,0.5901787593873568,alice,success
2025-10-01 02:50:00,192.168.0.1,6,11,48,6,4,11,0.0414823478562929,alice,failed
2025-10-01 02:51:00,10.0.0.2,8,12,9,3,2,14,0.7972974944339328,charlie,success
2025-10-01 02:52:00,192.168.0.2,2,23,138,6,4,1,0.2615163233376111,dave,success
2025-10-01 02:53:00,10.0.0.1,4,43,118,0,2,7,0.36143338083681265,charlie,failed
2025-10-01 02:54:00,192.168.0.1,3,7,8,1,3,14,0.07160339997529075,dave,success
2025-10-01 02:55:00,10.0.0.1,8,6,78,5,3,1,0.4877278773279925,bob,failed
2025-10-01 02:56:00,192.168.0.1,4,11,71,3,2,9,0.6098992381475866,charlie,success
2025-10-01 02:57:00,10.0.0.2,2,48,27,9,3,7,0.8193943063878784,bob,success
2025-10-01 02:58:00,192.168.0.1,0,49,21,9,2,6,0.3341980762662068,alice,failed
2025-10-01 02:59:00,192.168.0.1,6,10,46,9,2,4,0.5363459542923548,alice,failed
2025-10-01 03:00:00,192.168.0.2,1,45,9,8,1,4,0.10271344079297251,charlie,success
2025-10-01 03:01:00,10.0.0.2,2,47,137,9,0,3,0.12068552519411413,dave,success
2025-10-01 03:02:00,192.168.0.1,1,47,33,2,3,3,0.8685249437126736,charlie,success
2025-10-01 03:03:00,10.0.0.2,5,39,62,4,0,11,0.426069659105457,alice,success
2025-10-01 03:04:00,10.0.0.2,0,3,118,8,2,10,0.12373551785113301,bob,success
2025-10-01 03:05:00,192.168.0.2,0,39,122,4,2,3,0.14910485943702623,alice,failed
2025-10-01 03:06:00,10.0.0.1,5,13,55,9,0,6,0.08435710560735898,bob,success
2025-10-01 03:07:00,10.0.0.2,0,37,48,5,1,13,0.8297055213823579,bob,failed
2025-10-01 03:08:00,192.168.0.2,7,28,21,4,4,10,0.7437858316067051,dave,success
2025-10-01 03:09:00,192.168.0.1,6,1,38,0,2,12,0.6550378820405444,charlie,success
2025-10-01 03:10:00,192.168.0.1,3,16,104,4,3,13,0.7907144677489231,charlie,success
2025-10-01 03:11:00,192.168.0.1,1,30,32,2,1,2,0.6912975558358045,bob,failed
2025-10-01 03:12:00,10.0.0.1,7,21,21,5,1,10,0.3443162312334672,charlie,success
2025-10-01 03:13:00,10.0.0.1,6,24,40,0,3,14,0.6439409987870802,dave,failed
2025-10-01 03:14:00,10.0.0.1,8,20,10,7,4,12,0.8535928457119759,dave,success
2025-10-01 03:15:00,10.0.0.2,1,21,96,7,0,5,0.3268209607080649,alice,success
2025-10-01 03:16:00,192.168.0.2,3,36,117,4,0,1,0.579179494239086,charlie,success
2025-10-01 03:17:00,192.168.0.1,8,9,40,2,4,12,0.24974543064675714,dave,success
2025-10-01 03:18:00,192.168.0.1,0,0,54,1,1,11,0.5254177242057716,charlie,failed
2025-10-01 03:19:00,192.168.0.2,8,14,121,5,4,8,0.5150293975394002,bob,success
2025-10-01 03:20:00,10.0.0.1,4,8,145,9,4,7,0.9041606661055857,alice,success
2025-10-01 03:21:00,10.0.0.2,9,38,97,1,2,10,0.520637953715575,charlie,success
2025-10-01 03:22:00,10.0.0.1,3,45,25,2,2,5,0.4878716900659007,bob,success
2025-10-01 03:23:00,10.0.0.2,7,28,86,6,1,12,0.9257989442802371,dave,success
2025-10-01 03:24:00,192.168.0.1,6,45,0,3,4,7,0.07460612147076251,charlie,success
2025-10-01 03:25:00,10.0.0.1,5,34,35,8,0,7,0.23416348814901966,charlie,success
2025-10-01 03:26:00,192.168.0.1,0,44,25,9,4,3,0.23320691937567373,dave,failed
2025-10-01 03:27:00,10.0.0.1,1,38,100,8,3,14,0.44973932885983525,alice,success
2025-10-01 03:28:00,10.0.0.2,5,27,16,4,3,6,0.1199160126500537,alice,success
2025-10-01 03:29:00,10.0.0.2,1,18,62,7,0,10,0.051857276765795435,bob,success
2025-10-01 03:30:00,10.0.0.2,3,22,1,3,3,12,0.06806680035561463,charlie,success
2025-10-01 03:31:00,10.0.0.1,5,19,15,5,0,8,0.9806784497409385,bob,success
2025-10-01 03:32:00,10.0.0.2,4,37,94,0,4,3,0.6886801112664943,bob,failed
2025-10-01 03:33:00,192.168.0.2,4,11,5,0,0,2,0.2197416644031498,alice,success
2025-10-01 03:34:00,192.168.0.1,3,46,140,8,3,7,0.44227934461860485,dave,success
2025-10-01 03:35:00,192.168.0.2,7,43,52,2,4,2,0.5485222060414496,bob,success
2025-10-01 03:36:00,10.0.0.2,4,11,77,3,4,10,0.7757813105022568,dave,failed
2025-10-01 03:37:00,192.168.0.1,0,1,80,8,4,3,0.01189645902840597,charlie,failed
2025-10-01 03:38:00,192.168.0.1,6,12,45,1,0,6,0.5977941458183589,alice,success
2025-10-01 03:39:00,192.168.0.1,4,9,20,0,1,4,0.8866757045429675,dave,success
2025-10-01 03:40:00,10.0.0.2,7,48,109,3,4,10,0.2979440950987724,bob,success
2025-10-01 03:41:00,192.168.0.1,2,29,43,4,2,8,0.9005721180697539,dave,success
2025-10-01 03:42:00,192.168.0.2,5,19,58,1,1,9,0.5190937822690401,charlie,failed
2025-10-01 03:43:00,10.0.0.2,8,13,52,0,3,14,0.05440952853204872,charlie,success
2025-10-01 03:44:00,192.168.0.1,0,37,115,1,4,9,0.7576662021006354,dave,success
2025-10-01 03:45:00,192.168.0.2,1,28,38,1,4,11,0.6841748332634786,bob,success
2025-10-01 03:46:00,192.168.0.1,0,31,33,8,1,2,0.09090019856771092,charlie,success
2025-10-01 03:47:00,192.168.0.1,1,1,126,1,3,2,0.31981796905527016,bob,success
2025-10-01 03:48:00,192.168.0.2,2,5,35,8,3,3,0.8995306491863495,bob,success
2025-10-01 03:49:00,10.0.0.1,1,8,95,4,1,1,0.4248124772347488,dave,success
2025-10-01 03:50:00,10.0.0.1,5,11,59,1,4,1,0.39776088962178835,bob,success
2025-10-01 03:51:00,192.168.0.2,3,11,92,3,0,12,0.4669354917895744,dave,success
2025-10-01 03:52:00,192.168.0.2,3,15,83,2,0,10,0.09193265941603346,charlie,success
2025-10-01 03:53:00,192.168.0.1,3,41,91,9,0,6,0.3120199588665591,dave,success
2025-10-01 03:54:00,10.0.0.2,7,11,136,9,3,14,0.4528519317996872,charlie,success
2025-10-01 03:55:00,192.168.0.1,9,1,106,5,0,14,0.9798027922868136,charlie,success
2025-10-01 03:56:00,10.0.0.2,4,20,39,7,4,1,0.4255949965221556,dave,success
2025-10-01 03:57:00,10.0.0.1,3,22,6,7,0,5,0.7606268795898735,alice,success
2025-10-01 03:58:00,10.0.0.1,3,26,142,9,4,4,0.5424100182135669,charlie,success
2025-10-01 03:59:00,192.168.0.1,9,33,148,6,4,14,0.17478269141686187,bob,success
2025-10-01 04:00:00,10.0.0.1,0,16,5,6,3,12,0.7072212496335153,dave,success
2025-10-01 04:01:00,192.168.0.2,7,47,67,5,3,9,0.9303968401180299,alice,success
2025-10-01 04:02:00,192.168.0.2,9,22,61,7,4,2,0.858046448814211,charlie,success
2025-10-01 04:03:00,10.0.0.2,8,4,54,5,3,3,0.5965564230289647,alice,success
2025-10-01 04:04:00,192.168.0.1,8,38,22,9,4,7,0.6676146757030842,charlie,success
2025-10-01 04:05:00,192.168.0.2,7,32,18,2,0,3,0.49563340491740926,charlie,success
2025-10-01 04:06:00,192.168.0.2,4,20,73,1,1,2,0.6457329153622522,charlie,success
2025-10-01 04:07:00,10.0.0.1,6,38,149,1,3,6,0.5997453171406615,alice,success
2025-10-01 04:08:00,192.168.0.1,5,17,125,8,2,6,0.7814943457550713,alice,success
2025-10-01 04:09:00,192.168.0.2,6,10,0,9,0,2,0.7060426338782422,dave,failed
2025-10-01 04:10:00,10.0.0.1,7,20,61,7,2,8,0.44719666786832624,alice,success
2025-10-01 04:11:00,10.0.0.2,7,42,138,7,2,1,0.12972914722903195,charlie,success
2025-10-01 04:12:00,192.168.0.1,0,37,134,5,2,13,0.9151864456349279,dave,success
2025-10-01 04:13:00,10.0.0.2,6,47,109,2,1,4,0.10036087738351285,alice,success
2025-10-01 04:14:00,10.0.0.2,8,15,103,4,3,3,0.9086138219568582,dave,success
2025-10-01 04:15:00,192.168.0.1,3,23,78,1,2,3,0.510845774271214,charlie,success
2025-10-01 04:16:00,10.0.0.2,6,3,41,8,0,2,0.8407029792237715,bob,success
2025-10-01 04:17:00,10.0.0.1,2,15,40,7,3,9,0.15072546577140233,alice,success
2025-10-01 04:18:00,192.168.0.2,9,3,123,8,0,9,0.5151719144938212,bob,success
2025-10-01 04:19:00,10.0.0.1,4,30,124,0,1,7,0.8462765361397369,charlie,success
2025-10-01 04:20:00,192.168.0.2,0,14,31,2,3,4,0.14496669390405226,dave,success
2025-10-01 04:21:00,10.0.0.1,3,13,109,9,4,6,0.20913017435602743,charlie,success
2025-10-01 04:22:00,192.168.0.1,8,33,61,3,4,11,0.3759427177015059,charlie,success
2025-10-01 04:23:00,10.0.0.1,5,3,0,4,1,7,0.9785444248120971,alice,success
2025-10-01 04:24:00,192.168.0.1,5,4,12,2,2,11,0.9676041679910047,bob,failed
2025-10-01 04:25:00,192.168.0.1,2,23,72,3,4,1,0.29358315277543956,dave,success
2025-10-01 04:26:00,10.0.0.1,5,4,62,8,0,12,0.24457763867102267,alice,success
2025-10-01 04:27:00,10.0.0.1,8,13,65,1,0,2,0.7477527445825619,charlie,success
2025-10-01 04:28:00,10.0.0.1,1,32,56,5,4,4,0.1325100878415848,dave,success
2025-10-01 04:29:00,10.0.0.2,5,2,111,7,3,6,0.5294439094400176,alice,failed
2025-10-01 04:30:00,10.0.0.2,4,42,129,4,0,12,0.9204164063669789,bob,failed
2025-10-01 04:31:00,192.168.0.1,9,13,23,8,2,9,0.13238442246118742,alice,success
2025-10-01 04:32:00,192.168.0.2,8,19,7,2,4,14,0.9222307947115446,dave,success
2025-10-01 04:33:00,192.168.0.2,5,15,13,3,4,2,0.17157333183101575,bob,success
2025-10-01 04:34:00,192.168.0.1,7,26,105,3,1,7,0.8725748534648029,dave,success
2025-10-01 04:35:00,10.0.0.1,6,41,104,8,3,11,0.8758231167576053,charlie,success
2025-10-01 04:36:00,192.168.0.2,1,13,101,6,0,4,0.9457442783766506,charlie,failed
2025-10-01 04:37:00,10.0.0.2,1,19,21,5,1,1,0.029951049597019663,charlie,success
2025-10-01 04:38:00,10.0.0.2,3,11,80,0,4,4,0.22624692001857216,alice,failed
2025-10-01 04:39:00,10.0.0.1,6,12,65,0,3,10,0.9908149425002534,bob,success
2025-10-01 04:40:00,10.0.0.1,4,19,63,0,0,7,0.6831312203967707,dave,success
2025-10-01 04:41:00,192.168.0.1,8,39,61,2,2,9,0.40877181117950245,bob,success
2025-10-01 04:42:00,10.0.0.1,3,4,4,5,0,13,0.11964197152960954,bob,success
2025-10-01 04:43:00,192.168.0.2,9,29,12,2,4,11,0.11520366408703009,bob,success
2025-10-01 04:44:00,192.168.0.2,8,39,56,5,4,5,0.2650074878539681,alice,success
2025-10-01 04:45:00,10.0.0.1,0,45,146,8,3,7,0.9284540417676912,dave,success
2025-10-01 04:46:00,10.0.0.2,7,28,68,4,2,14,0.23191066464747223,dave,success
2025-10-01 04:47:00,192.168.0.2,7,6,18,4,3,4,0.9000996285803177,dave,success
2025-10-01 04:48:00,192.168.0.2,2,48,1,1,2,8,0.7514230119586333,bob,success
2025-10-01 04:49:00,192.168.0.2,4,40,70,8,0,14,0.662965768923799,alice,success
2025-10-01 04:50:00,192.168.0.2,6,5,96,2,2,13,0.11529421470468082,dave,failed
2025-10-01 04:51:00,10.0.0.1,0,9,19,0,3,13,0.3645374971438058,dave,success
2025-10-01 04:52:00,10.0.0.2,1,34,38,3,4,5,0.19591266468961233,alice,success
2025-10-01 04:53:00,192.168.0.1,8,12,90,2,2,4,0.11680242369937488,bob,success
2025-10-01 04:54:00,192.168.0.1,3,36,45,0,2,12,0.6627802030189055,alice,success
2025-10-01 04:55:00,192.168.0.1,1,10,33,8,1,12,0.20566659178506286,alice,success
2025-10-01 04:56:00,192.168.0.1,7,41,64,5,1,11,0.7079128788587207,charlie,success
2025-10-01 04:57:00,192.168.0.2,7,26,57,8,3,1,0.3825793737355553,dave,success
2025-10-01 04:58:00,192.168.0.1,0,37,68,9,2,2,0.2173223273101229,charlie,success
2025-10-01 04:59:00,192.168.0.1,4,4,123,7,4,14,0.667458393851404,bob,success
2025-10-01 05:00:00,10.0.0.2,9,25,97,3,0,6,0.9811848191736408,alice,failed
2025-10-01 05:01:00,10.0.0.2,0,23,12,3,0,13,0.9796792124399559,charlie,success
2025-10-01 05:02:00,10.0.0.2,5,47,8,4,1,8,0.708883946480472,alice,success
2025-10-01 05:03:00,10.0.0.1,3,18,33,0,4,7,0.11832345274475098,dave,success
2025-10-01 05:04:00,192.168.0.2,3,6,31,5,1,10,0.7617106568062627,dave,success
2025-10-01 05:05:00,10.0.0.1,3,17,6,2,0,4,0.9098393019846703,charlie,success
2025-10-01 05:06:00,192.168.0.1,6,5,95,2,3,3,0.47708921383831615,charlie,success
2025-10-01 05:07:00,192.168.0.2,5,46,139,2,4,11,0.09513293465339101,charlie,success
2025-10-01 05:08:00,192.168.0.2,4,37,103,2,1,8,0.4027275546462201,bob,success
2025-10-01 05:09:00,192.168.0.2,5,2,22,8,3,11,0.33269387439685527,alice,success
2025-10-01 05:10:00,192.168.0.1,9,29,0,4,2,14,0.06822032327388627,charlie,success
2025-10-01 05:11:00,192.168.0.2,2,15,84,9,4,6,0.12334699773865021,charlie,success
2025-10-01 05:12:00,10.0.0.1,1,23,66,3,1,13,0.11704148668777292,bob,failed
2025-10-01 05:13:00,10.0.0.1,2,13,23,9,4,13,0.6761360534804665,charlie,success
2025-10-01 05:14:00,10.0.0.2,5,17,138,3,4,3,0.8591538874008305,charlie,success
2025-10-01 05:15:00,192.168.0.1,3,5,73,4,4,13,0.40506169133336867,alice,success
2025-10-01 05:16:00,192.168.0.2,1,17,24,9,0,7,0.9785922525459685,bob,success
2025-10-01 05:17:00,192.168.0.2,9,8,12,8,4,3,0.5181163310739177,dave,success
2025-10-01 05:18:00,192.168.0.1,2,2,18,0,0,7,0.1869695984581764,charlie,success
2025-10-01 05:19:00,192.168.0.2,1,36,39,0,1,12,0.8884023403255078,dave,failed
2025-10-01 05:20:00,10.0.0.1,3,26,35,7,0,13,0.2656300012710183,charlie,success
2025-10-01 05:21:00,10.0.0.2,6,36,1,7,0,9,0.514482965141163,dave,success
2025-10-01 05:22:00,192.168.0.2,6,46,0,1,0,9,0.3001966005905512,alice,success
2025-10-01 05:23:00,10.0.0.1,3,46,126,2,4,14,0.22134533609965557,charlie,success
2025-10-01 05:24:00,10.0.0.2,5,15,35,6,1,5,0.4889479699553362,bob,success
2025-10-01 05:25:00,192.168.0.2,3,31,91,1,3,8,0.23010266100697596,alice,success
2025-10-01 05:26:00,10.0.0.1,0,29,2,6,0,5,0.39603910281177257,bob,success
2025-10-01 05:27:00,10.0.0.2,0,1,127,0,4,5,0.06313625541756174,dave,success
2025-10-01 05:28:00,10.0.0.1,2,33,53,1,0,8,0.3330806256638035,dave,success
2025-10-01 05:29:00,10.0.0.2,0,49,118,8,1,5,0.1912307222304136,dave,success
2025-10-01 05:30:00,10.0.0.2,4,49,60,0,4,8,0.4769154326225621,alice,failed
2025-10-01 05:31:00,192.168.0.2,4,22,79,9,3,13,0.34960272228218614,dave,success
2025-10-01 05:32:00,10.0.0.1,5,23,34,5,0,1,0.7492891386443674,charlie,success
2025-10-01 05:33:00,192.168.0.2,5,20,28,4,4,9,0.2978161792772659,bob,success
2025-10-01 05:34:00,10.0.0.1,8,44,79,6,2,5,0.6613213309561911,alice,success
2025-10-01 05:35:00,192.168.0.1,8,6,56,2,1,13,0.1406469279981678,bob,failed
2025-10-01 05:36:00,10.0.0.2,1,14,64,5,2,10,0.6448014193798026,dave,success
2025-10-01 05:37:00,192.168.0.2,4,39,14,3,2,13,0.9678009007666826,bob,success
2025-10-01 05:38:00,192.168.0.2,1,26,43,1,2,9,0.8906149180363517,dave,failed
2025-10-01 05:39:00,10.0.0.1,1,43,59,4,2,4,0.2980381966313873,bob,success
2025-10-01 05:40:00,10.0.0.1,9,18,130,0,1,13,0.96623372730928,dave,success
2025-10-01 05:41:00,192.168.0.1,4,3,78,4,0,6,0.3724079572034097,alice,success
2025-10-01 05:42:00,10.0.0.2,1,44,33,5,2,9,0.8850983214677666,dave,success
2025-10-01 05:43:00,192.168.0.1,3,36,1,5,4,10,0.29099086114444916,bob,success
2025-10-01 05:44:00,192.168.0.1,3,31,133,8,1,2,0.34902424290792355,bob,success
2025-10-01 05:45:00,10.0.0.1,0,34,113,3,3,11,0.9363902002397575,alice,success
2025-10-01 05:46:00,192.168.0.2,3,9,108,0,2,14,0.7292268799739288,charlie,success
2025-10-01 05:47:00,10.0.0.2,5,35,40,6,3,5,0.33727082303757194,bob,failed
2025-10-01 05:48:00,10.0.0.2,3,9,86,6,0,14,0.38729584184547283,bob,success
2025-10-01 05:49:00,192.168.0.1,6,29,139,8,0,4,0.9464918489042976,dave,success
2025-10-01 05:50:00,192.168.0.2,1,7,49,9,3,6,0.3161178825847435,alice,success
2025-10-01 05:51:00,10.0.0.1,2,35,89,0,2,14,0.7721479290603911,dave,success
2025-10-01 05:52:00,192.168.0.1,3,26,62,7,0,2,0.8843372939031924,dave,success
2025-10-01 05:53:00,192.168.0.1,2,48,124,5,1,12,0.338738202047151,dave,success
2025-10-01 05:54:00,192.168.0.1,9,12,11,4,4,8,0.5025680302965456,alice,success
2025-10-01 05:55:00,192.168.0.2,1,4,37,4,0,11,0.6069608279918478,dave,failed
2025-10-01 05:56:00,192.168.0.1,3,44,23,8,3,14,0.4119513327594655,alice,success
2025-10-01 05:57:00,10.0.0.2,8,43,149,7,3,1,0.17583127159793754,charlie,failed
2025-10-01 05:58:00,192.168.0.1,5,17,75,3,1,8,0.45844229827492966,charlie,success
2025-10-01 05:59:00,10.0.0.1,7,7,74,8,0,2,0.877123536608475,dave,success
2025-10-01 06:00:00,192.168.0.1,1,44,13,6,2,3,0.5718152383024461,alice,success
2025-10-01 06:01:00,192.168.0.1,5,23,72,5,3,9,0.5087316503825037,bob,success
2025-10-01 06:02:00,192.168.0.2,7,1,49,7,1,2,0.2034789063566773,charlie,success
2025-10-01 06:03:00,10.0.0.1,7,37,75,8,4,11,0.18992247220773684,alice,success
2025-10-01 06:04:00,10.0.0.2,7,14,108,7,4,10,0.14124486101399125,charlie,success
2025-10-01 06:05:00,192.168.0.1,8,21,113,2,3,10,0.07615147584672133,charlie,success
2025-10-01 06:06:00,192.168.0.2,6,39,56,4,1,8,0.7821836772737668,alice,success
2025-10-01 06:07:00,10.0.0.1,5,32,7,3,1,10,0.16952466232997854,bob,success
2025-10-01 06:08:00,10.0.0.2,2,48,9,3,2,8,0.8052138592416216,charlie,failed
2025-10-01 06:09:00,192.168.0.2,3,14,85,0,2,12,0.05629089571759227,bob,success
2025-10-01 06:10:00,192.168.0.1,1,34,52,4,2,3,0.7598045291488739,dave,success
2025-10-01 06:11:00,192.168.0.2,0,11,31,5,0,6,0.6375528749438371,dave,success
2025-10-01 06:12:00,192.168.0.1,4,4,12,7,3,2,0.37764530054007295,alice,success
2025-10-01 06:13:00,10.0.0.1,2,41,122,9,0,7,0.6550759195747048,alice,success
2025-10-01 06:14:00,10.0.0.2,2,36,87,9,2,2,0.6218910155687439,alice,success
2025-10-01 06:15:00,192.168.0.1,1,29,100,9,1,6,0.11737906434365708,charlie,success
2025-10-01 06:16:00,10.0.0.2,6,22,38,9,2,4,0.24901929710455228,bob,failed
2025-10-01 06:17:00,10.0.0.1,5,48,45,3,4,8,0.7224676499610921,alice,success
2025-10-01 06:18:00,10.0.0.1,6,42,141,1,3,14,0.7481970700273015,dave,success
2025-10-01 06:19:00,192.168.0.1,8,19,32,7,0,14,0.8870429334210598,charlie,failed
2025-10-01 06:20:00,10.0.0.1,4,12,83,1,4,11,0.8569807139772847,alice,success
2025-10-01 06:21:00,192.168.0.2,0,40,11,6,4,1,0.441991777407717,alice,success
2025-10-01 06:22:00,10.0.0.2,6,41,56,7,1,4,0.1493374541019764,charlie,success
2025-10-01 06:23:00,10.0.0.1,9,29,78,4,4,10,0.8736829204531581,bob,success
2025-10-01 06:24:00,192.168.0.1,5,30,98,2,3,9,0.5206221649565017,dave,success
2025-10-01 06:25:00,192.168.0.1,6,19,79,4,2,8,0.6514118466866563,alice,success
2025-10-01 06:26:00,192.168.0.1,3,12,143,2,4,8,0.052916051362217,bob,success
2025-10-01 06:27:00,192.168.0.1,3,43,4,9,2,10,0.42206930668576614,charlie,success
2025-10-01 06:28:00,192.168.0.1,2,38,117,2,4,6,0.5807806440925909,alice,success
2025-10-01 06:29:00,10.0.0.2,6,22,105,8,2,10,0.5412745321712396,bob,success
2025-10-01 06:30:00,192.168.0.2,5,5,50,8,4,7,0.04089893157661062,dave,success
2025-10-01 06:31:00,10.0.0.1,1,46,8,3,0,14,0.0879090748224628,alice,success
2025-10-01 06:32:00,192.168.0.2,5,14,19,5,2,14,0.47908744579327855,alice,success
2025-10-01 06:33:00,192.168.0.2,5,11,25,6,1,4,0.6256042264318847,alice,success
2025-10-01 06:34:00,192.168.0.1,7,7,70,2,1,13,0.384315247445293,charlie,success
2025-10-01 06:35:00,10.0.0.1,4,10,119,0,0,3,0.8991288761276769,dave,success
2025-10-01 06:36:00,10.0.0.1,4,39,61,4,4,3,0.9458143198118765,bob,success
2025-10-01 06:37:00,10.0.0.1,5,23,75,6,4,2,0.21440220800916898,dave,failed
2025-10-01 06:38:00,192.168.0.1,2,2,123,8,1,8,0.10714771755358488,alice,success
2025-10-01 06:39:00,192.168.0.2,3,14,134,6,4,12,0.7225215490612501,bob,success
2025-10-01 06:40:00,10.0.0.1,2,20,5,0,2,5,0.8920130731771546,bob,success
2025-10-01 06:41:00,192.168.0.2,3,24,14,9,4,8,0.10573033874132576,bob,failed
2025-10-01 06:42:00,10.0.0.2,1,6,88,0,4,6,0.8435103411601504,dave,failed
2025-10-01 06:43:00,192.168.0.2,3,43,46,1,2,12,0.4954948107185555,alice,success
2025-10-01 06:44:00,10.0.0.2,3,45,127,4,2,11,0.39702968080228584,alice,failed
2025-10-01 06:45:00,192.168.0.1,2,31,64,2,2,1,0.41853987321168407,alice,success
2025-10-01 06:46:00,10.0.0.2,5,9,103,0,1,14,0.9760636360111964,charlie,success
2025-10-01 06:47:00,10.0.0.1,7,22,10,4,4,2,0.7849370080270692,charlie,success
2025-10-01 06:48:00,192.168.0.1,3,16,1,9,3,10,0.9843795728472321,bob,success
2025-10-01 06:49:00,192.168.0.1,0,45,80,4,1,14,0.9746011199051141,bob,success
2025-10-01 06:50:00,192.168.0.2,9,4,73,8,0,4,0.27839884862116715,bob,success
2025-10-01 06:51:00,192.168.0.1,5,0,25,2,1,2,0.2589697733116819,alice,success
2025-10-01 06:52:00,192.168.0.2,1,39,71,9,2,1,0.8028618107643236,alice,success
2025-10-01 06:53:00,192.168.0.1,2,16,60,1,4,8,0.41640153528764756,alice,success
2025-10-01 06:54:00,192.168.0.1,3,38,87,0,2,5,0.8819362864839502,alice,success
2025-10-01 06:55:00,10.0.0.1,9,26,37,3,2,1,0.8480117759070932,charlie,failed
2025-10-01 06:56:00,10.0.0.2,7,19,136,6,4,11,0.5729073632781668,charlie,failed
2025-10-01 06:57:00,10.0.0.1,2,24,63,7,3,3,0.6699732949618112,alice,success
2025-10-01 06:58:00,192.168.0.1,6,27,57,2,2,12,0.5887784729763491,bob,success
2025-10-01 06:59:00,10.0.0.1,1,1,119,6,2,1,0.40205406684941547,dave,success
2025-10-01 07:00:00,192.168.0.2,6,46,50,0,4,5,0.8861500021685831,charlie,success
2025-10-01 07:01:00,192.168.0.1,6,32,44,8,1,13,0.2608255191287884,charlie,success
2025-10-01 07:02:00,10.0.0.1,5,45,42,4,4,5,0.9710447907075236,charlie,success
2025-10-01 07:03:00,10.0.0.2,9,36,37,1,4,1,0.9672721962220049,dave,success
2025-10-01 07:04:00,10.0.0.2,8,39,47,2,1,2,0.1560211140403116,bob,failed
2025-10-01 07:05:00,10.0.0.2,3,24,57,3,1,10,0.26382840808550756,alice,success
2025-10-01 07:06:00,10.0.0.1,0,41,41,1,4,8,0.4845692303804102,dave,success
2025-10-01 07:07:00,192.168.0.2,5,45,147,4,0,1,0.23801780395483363,dave,success
2025-10-01 07:08:00,10.0.0.1,4,43,1,6,1,4,0.0881681039226827,charlie,success
2025-10-01 07:09:00,10.0.0.1,4,33,22,3,3,9,0.8520480773005878,alice,success
2025-10-01 07:10:00,192.168.0.1,9,15,108,0,2,9,0.0654788805994635,alice,success
2025-10-01 07:11:00,192.168.0.2,0,1,149,3,4,10,0.4393973446564531,dave,success
2025-10-01 07:12:00,192.168.0.1,9,7,25,6,3,3,0.09321992345337815,charlie,success
2025-10-01 07:13:00,192.168.0.1,2,18,8,6,2,8,0.260457749901695,dave,failed
2025-10-01 07:14:00,10.0.0.2,3,30,103,8,4,10,0.0561276549657741,dave,failed
2025-10-01 07:15:00,192.168.0.1,8,20,106,9,3,6,0.4468802490547664,alice,success
2025-10-01 07:16:00,10.0.0.1,4,1,85,6,3,8,0.061809296213877096,alice,failed
2025-10-01 07:17:00,192.168.0.1,1,23,49,0,1,3,0.16485179995049448,bob,success
2025-10-01 07:18:00,192.168.0.2,5,0,71,7,3,13,0.5353778280422934,alice,success
2025-10-01 07:19:00,10.0.0.1,4,5,59,1,2,4,0.5367528841770285,bob,failed
2025-10-01 07:20:00,192.168.0.2,7,4,128,7,3,2,0.3781379990935957,charlie,success
2025-10-01 07:21:00,10.0.0.1,8,21,145,2,0,1,0.40099545775367007,alice,success
2025-10-01 07:22:00,10.0.0.2,4,26,30,7,0,2,0.453343455775741,dave,success
2025-10-01 07:23:00,192.168.0.1,9,10,73,0,2,12,0.6348611239578249,dave,success
2025-10-01 07:24:00,192.168.0.1,9,40,13,6,3,10,0.06478017163024574,bob,success
2025-10-01 07:25:00,192.168.0.1,5,16,98,9,0,3,0.31970873968422375,charlie,success
2025-10-01 07:26:00,10.0.0.2,7,25,126,0,1,13,0.7575731955413818,dave,failed
2025-10-01 07:27:00,192.168.0.1,7,33,149,8,3,13,0.6407353437063501,alice,success
2025-10-01 07:28:00,10.0.0.1,1,38,93,0,3,8,0.6257777739975428,charlie,success
2025-10-01 07:29:00,10.0.0.2,7,49,27,2,0,11,0.8357232740102502,dave,success
2025-10-01 07:30:00,192.168.0.2,1,45,27,8,4,4,0.5726581497283434,bob,success
2025-10-01 07:31:00,192.168.0.2,4,43,33,0,4,3,0.2082551703633373,bob,success
2025-10-01 07:32:00,192.168.0.2,8,11,125,2,0,3,0.392989215185345,dave,success
2025-10-01 07:33:00,10.0.0.1,0,33,7,1,1,2,0.2887589691048751,charlie,failed
2025-10-01 07:34:00,10.0.0.1,8,27,95,2,4,1,0.3299371760252755,bob,success
2025-10-01 07:35:00,192.168.0.1,6,12,125,8,4,10,0.6324714720190252,dave,success
2025-10-01 07:36:00,10.0.0.1,2,30,129,7,2,14,0.6225218757484651,bob,success
2025-10-01 07:37:00,10.0.0.1,2,44,114,3,4,13,0.7939892108144543,alice,success
2025-10-01 07:38:00,10.0.0.2,6,36,128,0,0,13,0.870608414500963,bob,success
2025-10-01 07:39:00,10.0.0.2,2,1,131,3,4,7,0.26240533123767384,bob,success
2025-10-01 07:40:00,192.168.0.2,1,18,65,9,3,12,0.7994508102511336,bob,success
2025-10-01 07:41:00,192.168.0.2,2,31,34,4,1,14,0.48599626144454744,alice,success
2025-10-01 07:42:00,192.168.0.1,6,13,75,1,2,9,0.9581114036984647,charlie,success
2025-10-01 07:43:00,10.0.0.1,5,6,42,3,1,13,0.45949781443004967,charlie,success
2025-10-01 07:44:00,10.0.0.1,4,15,9,1,1,7,0.6886344491594708,charlie,success
2025-10-01 07:45:00,10.0.0.1,3,36,149,1,2,7,0.7941481868854589,dave,success
2025-10-01 07:46:00,192.168.0.1,0,22,148,1,2,12,0.06816843797293115,dave,failed
2025-10-01 07:47:00,192.168.0.1,4,1,90,4,0,14,0.4577632341045108,alice,success
2025-10-01 07:48:00,10.0.0.1,7,4,123,1,3,7,0.8349576100370948,alice,success
2025-10-01 07:49:00,192.168.0.2,2,32,93,2,0,5,0.20847758209981393,dave,success
2025-10-01 07:50:00,10.0.0.1,2,40,65,3,1,14,0.20235953140614782,alice,failed
2025-10-01 07:51:00,10.0.0.2,8,23,85,0,4,11,0.04432823688446674,charlie,success
2025-10-01 07:52:00,10.0.0.2,1,14,84,4,4,2,0.7823754652217508,bob,success
2025-10-01 07:53:00,10.0.0.1,3,21,59,6,4,13,0.20624192958102228,bob,failed
2025-10-01 07:54:00,192.168.0.1,2,2,138,9,2,7,0.7764233856664706,dave,failed
2025-10-01 07:55:00,10.0.0.2,9,35,117,7,1,5,0.046056991672827396,charlie,success
2025-10-01 07:56:00,192.168.0.1,5,4,104,9,1,4,0.960785659157558,dave,success
2025-10-01 07:57:00,10.0.0.1,8,12,130,8,4,5,0.49894927746760187,bob,success
2025-10-01 07:58:00,10.0.0.1,3,10,115,4,3,7,0.8858179762343187,dave,success
2025-10-01 07:59:00,192.168.0.2,5,45,97,8,1,4,0.6857727871524245,dave,success
2025-10-01 08:00:00,192.168.0.1,2,25,147,8,4,9,0.5265559991841582,alice,success
2025-10-01 08:01:00,10.0.0.2,0,9,124,8,2,6,0.007884646355369451,bob,success
2025-10-01 08:02:00,10.0.0.1,0,9,9,4,4,5,0.24819693324564152,charlie,success
2025-10-01 08:03:00,10.0.0.2,9,13,52,4,3,13,0.8571706214675743,charlie,success
2025-10-01 08:04:00,10.0.0.2,6,48,81,3,4,2,0.25844387560674287,dave,failed
2025-10-01 08:05:00,10.0.0.2,6,25,34,8,3,9,0.6723045529397925,bob,success
2025-10-01 08:06:00,10.0.0.1,1,34,80,5,2,11,0.7705442969171318,charlie,success
2025-10-01 08:07:00,192.168.0.1,5,14,113,0,1,10,0.9701757726763686,bob,success
2025-10-01 08:08:00,192.168.0.1,6,32,6,5,1,5,0.08272812800168772,charlie,success
2025-10-01 08:09:00,192.168.0.1,0,17,52,5,1,3,0.21831320472718418,dave,success
2025-10-01 08:10:00,192.168.0.1,1,28,18,8,2,9,0.33855210965234195,alice,success
2025-10-01 08:11:00,10.0.0.2,8,6,130,4,0,1,0.22562301986170552,bob,failed
2025-10-01 08:12:00,192.168.0.2,7,46,74,9,3,5,0.7445593950919196,dave,success
2025-10-01 08:13:00,10.0.0.2,9,12,24,0,4,2,0.4635630396803958,dave,success
2025-10-01 08:14:00,192.168.0.1,3,0,90,7,3,1,0.5627522962277463,charlie,success
2025-10-01 08:15:00,192.168.0.1,9,26,38,8,1,3,0.5066620509436007,charlie,success
2025-10-01 08:16:00,192.168.0.1,7,48,24,8,0,4,0.05489129379488866,dave,success
2025-10-01 08:17:00,192.168.0.2,7,17,75,1,4,6,0.8780439080449731,charlie,failed
2025-10-01 08:18:00,192.168.0.1,6,15,68,3,2,3,0.4281132620494196,dave,success
2025-10-01 08:19:00,10.0.0.1,6,37,85,9,2,3,0.1516466066471509,charlie,failed
2025-10-01 08:20:00,10.0.0.1,1,40,144,1,3,11,0.9455174508856918,charlie,failed
2025-10-01 08:21:00,192.168.0.2,0,47,4,8,0,4,0.3734595274636936,charlie,failed
2025-10-01 08:22:00,192.168.0.1,7,26,18,2,4,12,0.38281721522339274,dave,success
2025-10-01 08:23:00,192.168.0.1,5,26,95,3,3,9,0.27724053249758795,charlie,success
2025-10-01 08:24:00,192.168.0.2,1,7,44,0,1,4,0.13860101281893045,bob,success
2025-10-01 08:25:00,10.0.0.1,4,30,98,1,4,8,0.8449798283171874,charlie,success
2025-10-01 08:26:00,10.0.0.1,1,39,135,7,3,6,0.8287857051412226,bob,success
2025-10-01 08:27:00,192.168.0.2,3,33,8,1,4,1,0.021881558045729887,charlie,success
2025-10-01 08:28:00,10.0.0.1,0,8,132,0,2,8,0.29460864594627956,alice,success
2025-10-01 08:29:00,10.0.0.2,7,17,134,8,3,8,0.6185965486608301,bob,success
2025-10-01 08:30:00,10.0.0.1,0,28,84,5,0,11,0.831563202759543,charlie,failed
2025-10-01 08:31:00,10.0.0.1,5,38,44,6,1,5,0.35019980676101925,charlie,failed
2025-10-01 08:32:00,192.168.0.1,8,4,25,4,2,11,0.6681645262990877,dave,success
2025-10-01 08:33:00,10.0.0.1,3,49,29,2,0,13,0.5708870966871931,bob,success
2025-10-01 08:34:00,10.0.0.1,3,38,58,4,1,8,0.7143617335528739,bob,failed
2025-10-01 08:35:00,192.168.0.1,2,26,19,8,1,7,0.43700436513647767,bob,success
2025-10-01 08:36:00,10.0.0.1,2,5,34,0,0,9,0.017928836488996014,charlie,success
2025-10-01 08:37:00,10.0.0.2,1,42,97,3,3,13,0.8706801749558554,charlie,failed
2025-10-01 08:38:00,10.0.0.1,6,47,72,5,0,2,0.48010869476186646,dave,failed
2025-10-01 08:39:00,192.168.0.2,1,3,104,1,0,5,0.803056024399924,alice,success
2025-10-01 08:40:00,10.0.0.2,7,23,20,3,0,9,0.42888993692879107,alice,success
2025-10-01 08:41:00,10.0.0.2,5,19,59,8,2,10,0.0065451624940654485,charlie,success
2025-10-01 08:42:00,10.0.0.1,4,16,93,1,2,3,0.33048141450771085,bob,success
2025-10-01 08:43:00,192.168.0.2,9,48,126,3,1,8,0.23083918396385494,dave,success
2025-10-01 08:44:00,192.168.0.1,8,16,121,3,4,11,0.39667494989545327,alice,success
2025-10-01 08:45:00,192.168.0.2,2,3,53,2,0,9,0.2965929401060774,alice,success
2025-10-01 08:46:00,10.0.0.1,4,2,40,0,1,4,0.3737618848145575,alice,success
2025-10-01 08:47:00,10.0.0.2,9,18,121,7,2,6,0.0007864299545669029,bob,success
2025-10-01 08:48:00,10.0.0.1,8,29,122,6,2,10,0.371230226821035,alice,success
2025-10-01 08:49:00,10.0.0.2,1,35,27,8,1,9,0.7748592546292803,bob,failed
2025-10-01 08:50:00,192.168.0.2,9,26,144,6,4,6,0.199500155740869,charlie,failed
2025-10-01 08:51:00,192.168.0.2,6,45,65,4,3,3,0.2046432629950068,alice,success
2025-10-01 08:52:00,10.0.0.1,1,23,101,9,4,2,0.09811222498805672,charlie,failed
2025-10-01 08:53:00,10.0.0.2,6,40,110,3,4,10,0.7290544145801431,charlie,success
2025-10-01 08:54:00,10.0.0.1,8,37,44,4,3,4,0.35433795386952505,alice,success
2025-10-01 08:55:00,192.168.0.2,7,34,33,6,1,8,0.7099714009626966,dave,failed
2025-10-01 08:56:00,10.0.0.2,6,40,88,8,1,3,0.7582224622997918,bob,failed
2025-10-01 08:57:00,192.168.0.2,0,0,21,8,1,3,0.29611549719098007,alice,success
2025-10-01 08:58:00,192.168.0.2,3,12,65,4,2,14,0.9079419213191883,alice,success
2025-10-01 08:59:00,192.168.0.2,9,14,83,4,0,5,0.7827572425195537,charlie,success
2025-10-01 09:00:00,192.168.0.1,4,17,113,9,3,6,0.47564375527243696,dave,success
2025-10-01 09:01:00,192.168.0.2,3,37,38,1,1,5,0.6435649999705914,alice,success
2025-10-01 09:02:00,10.0.0.1,0,41,42,4,2,2,0.04647654735237361,bob,failed
2025-10-01 09:03:00,192.168.0.2,8,11,95,2,3,1,0.9949591516003504,alice,success
2025-10-01 09:04:00,192.168.0.1,4,49,70,7,1,2,0.2944456990169858,alice,success
2025-10-01 09:05:00,192.168.0.1,3,22,144,3,4,14,0.5074810165239697,charlie,success
2025-10-01 09:06:00,10.0.0.2,2,4,57,2,1,3,0.864039609373208,alice,success
2025-10-01 09:07:00,10.0.0.1,0,8,86,1,0,13,0.39151895412336335,bob,success
2025-10-01 09:08:00,192.168.0.2,1,12,43,6,4,7,0.7802834230246686,alice,success
2025-10-01 09:09:00,10.0.0.1,3,23,88,7,3,2,0.14926502591162305,bob,success
2025-10-01 09:10:00,10.0.0.1,3,44,107,8,1,5,0.27132438118581204,alice,failed
2025-10-01 09:11:00,10.0.0.2,6,27,66,5,2,8,0.18701632994333117,bob,success
2025-10-01 09:12:00,10.0.0.2,3,2,21,9,1,4,0.6657883691774547,charlie,success
2025-10-01 09:13:00,192.168.0.1,6,23,77,9,0,5,0.02747794732445108,bob,success
2025-10-01 09:14:00,192.168.0.1,3,1,39,0,3,5,0.4313475172013981,dave,success
2025-10-01 09:15:00,192.168.0.1,2,11,22,8,1,4,0.8857876382629998,dave,failed
2025-10-01 09:16:00,10.0.0.2,3,3,35,7,3,6,0.16788498477544112,alice,success
2025-10-01 09:17:00,10.0.0.1,4,30,43,9,4,8,0.10134870703510179,bob,success
2025-10-01 09:18:00,192.168.0.1,6,7,136,7,4,8,0.2507090220564394,alice,success
2025-10-01 09:19:00,192.168.0.2,7,39,18,6,1,11,0.7078759239879977,dave,success
2025-10-01 09:20:00,192.168.0.2,0,25,72,4,0,14,0.9109504323023716,dave,failed
2025-10-01 09:21:00,192.168.0.1,0,42,149,6,2,14,0.9295922323630201,dave,success
2025-10-01 09:22:00,192.168.0.1,8,42,117,0,0,13,0.07788092322114959,bob,success
2025-10-01 09:23:00,192.168.0.2,8,20,74,6,1,1,0.020449561693148488,charlie,success
2025-10-01 09:24:00,10.0.0.1,3,41,47,1,3,6,0.11312376224980092,dave,success
2025-10-01 09:25:00,10.0.0.2,1,49,62,7,1,14,0.4695629829053889,alice,success
2025-10-01 09:26:00,10.0.0.2,2,34,26,9,1,8,0.6379153815866118,alice,failed
2025-10-01 09:27:00,192.168.0.2,9,32,38,5,4,14,0.16155587166022123,bob,success
2025-10-01 09:28:00,192.168.0.1,9,24,27,6,0,6,0.2188607466975283,dave,success
2025-10-01 09:29:00,10.0.0.1,3,19,130,0,1,8,0.7276523523723482,bob,failed
2025-10-01 09:30:00,10.0.0.1,5,15,115,6,3,3,0.231990608683315,dave,success
2025-10-01 09:31:00,192.168.0.1,7,19,143,8,1,14,0.9576432754302608,alice,success
2025-10-01 09:32:00,192.168.0.1,8,6,115,3,3,6,0.5995909929119658,alice,success
2025-10-01 09:33:00,192.168.0.1,1,25,121,9,0,6,0.18557610873701957,alice,success
2025-10-01 09:34:00,192.168.0.1,6,46,8,7,1,10,0.6704373889567858,charlie,success
2025-10-01 09:35:00,10.0.0.2,2,16,72,4,4,9,0.5391282651196472,charlie,success
2025-10-01 09:36:00,192.168.0.2,6,18,53,7,3,7,0.33008347712555186,bob,success
2025-10-01 09:37:00,10.0.0.1,9,25,121,0,4,1,0.46312728833424943,bob,success
2025-10-01 09:38:00,10.0.0.1,0,35,132,4,3,12,0.7460690749977524,alice,success
2025-10-01 09:39:00,192.168.0.2,2,30,86,0,1,14,0.3694149302202022,dave,success
2025-10-01 09:40:00,192.168.0.2,8,27,51,0,0,4,0.5615875837847055,dave,success
2025-10-01 09:41:00,10.0.0.2,8,10,88,8,1,2,0.7461587026473475,alice,success
2025-10-01 09:42:00,192.168.0.1,6,10,49,3,1,9,0.5534041122259566,charlie,success
2025-10-01 09:43:00,192.168.0.1,7,35,116,0,1,3,0.1970822633671092,bob,success
2025-10-01 09:44:00,192.168.0.2,6,44,110,9,1,2,0.13112916439411537,dave,success
2025-10-01 09:45:00,10.0.0.1,2,48,128,2,0,1,0.9253543998473787,dave,success
2025-10-01 09:46:00,192.168.0.2,4,0,13,9,0,5,0.9078794802076989,dave,success
2025-10-01 09:47:00,10.0.0.1,6,28,84,7,2,8,0.24592686667111263,charlie,success
2025-10-01 09:48:00,10.0.0.2,4,3,108,5,4,4,0.08658238709360588,dave,success
2025-10-01 09:49:00,10.0.0.2,0,11,36,7,4,9,0.14847872065251633,dave,success
2025-10-01 09:50:00,192.168.0.1,0,24,127,1,2,13,0.11202931270675864,bob,success
2025-10-01 09:51:00,10.0.0.1,9,42,7,7,3,3,0.7982582771717682,bob,success
2025-10-01 09:52:00,10.0.0.2,7,18,133,8,2,13,0.7794504327230832,dave,success
2025-10-01 09:53:00,10.0.0.2,4,36,5,2,3,11,0.21981522294140943,alice,failed
2025-10-01 09:54:00,192.168.0.1,6,38,148,4,1,5,0.3680669606146739,bob,success
2025-10-01 09:55:00,10.0.0.1,8,37,142,5,0,8,0.26101339371533894,charlie,success
2025-10-01 09:56:00,192.168.0.1,7,11,87,4,3,3,0.5589423775595179,alice,success
2025-10-01 09:57:00,10.0.0.2,7,47,60,6,1,14,0.10532204359858433,dave,success
2025-10-01 09:58:00,10.0.0.1,8,16,117,5,1,9,0.4965621183222646,bob,success
2025-10-01 09:59:00,10.0.0.1,3,36,9,4,0,7,0.056144215862240165,dave,success
2025-10-01 10:00:00,192.168.0.1,2,14,95,0,2,14,0.24344724548108565,dave,success
2025-10-01 10:01:00,192.168.0.2,6,29,97,4,3,9,0.028083848481222473,bob,success
2025-10-01 10:02:00,10.0.0.2,2,18,96,7,1,7,0.3052865471261409,dave,success
2025-10-01 10:03:00,10.0.0.1,4,0,123,6,1,2,0.31583096880336314,charlie,success
2025-10-01 10:04:00,10.0.0.1,4,21,29,1,0,2,0.6551197155807679,alice,success
2025-10-01 10:05:00,192.168.0.1,4,20,42,1,0,12,0.8797707531635592,dave,success
2025-10-01 10:06:00,192.168.0.2,0,47,125,4,3,9,0.7292736216368328,dave,success
2025-10-01 10:07:00,10.0.0.2,4,36,110,6,2,12,0.09477004847330406,charlie,success
2025-10-01 10:08:00,192.168.0.1,3,49,114,8,0,6,0.14641356469874323,alice,success
2025-10-01 10:09:00,10.0.0.1,6,19,142,6,3,1,0.13289813308831255,bob,success
2025-10-01 10:10:00,10.0.0.2,8,21,117,4,3,14,0.09416538624129123,dave,success
2025-10-01 10:11:00,192.168.0.1,8,33,56,2,4,13,0.11433906049828346,dave,success
2025-10-01 10:12:00,10.0.0.2,0,28,85,4,3,3,0.9850633945659271,bob,success
2025-10-01 10:13:00,192.168.0.1,0,18,45,7,1,12,0.03163948751055201,alice,success
2025-10-01 10:14:00,192.168.0.2,9,21,42,8,1,5,0.22474428013338443,bob,success
2025-10-01 10:15:00,10.0.0.2,9,14,132,4,4,12,0.44855699012281847,dave,success
2025-10-01 10:16:00,192.168.0.2,1,27,67,7,0,14,0.07154351406241577,bob,failed
2025-10-01 10:17:00,10.0.0.2,3,32,2,6,3,6,0.4973721665554436,alice,success
2025-10-01 10:18:00,10.0.0.1,0,3,38,4,1,4,0.3200180273319525,bob,success
2025-10-01 10:19:00,10.0.0.1,8,49,67,0,2,10,0.7813392787974311,alice,success
2025-10-01 10:20:00,192.168.0.2,8,31,91,8,3,14,0.004942824988467431,bob,failed
2025-10-01 10:21:00,192.168.0.1,0,35,56,7,4,14,0.09498898774411602,dave,success
2025-10-01 10:22:00,10.0.0.1,4,30,73,4,1,11,0.19406385715505636,dave,success
2025-10-01 10:23:00,192.168.0.1,1,46,77,4,3,6,0.2728526223230475,alice,success
2025-10-01 10:24:00,10.0.0.1,6,3,1,8,2,12,0.9828276888450191,alice,success
2025-10-01 10:25:00,10.0.0.1,1,26,134,1,3,8,0.07713068488841435,charlie,success
2025-10-01 10:26:00,10.0.0.2,0,44,93,2,2,8,0.9431536984297222,alice,success
2025-10-01 10:27:00,192.168.0.2,6,24,51,9,0,14,0.4357580441193927,bob,success
2025-10-01 10:28:00,192.168.0.1,9,10,46,0,1,6,0.5659821061474558,alice,success
2025-10-01 10:29:00,192.168.0.1,8,4,88,1,3,9,0.7578449184223577,charlie,failed
2025-10-01 10:30:00,10.0.0.2,9,22,148,2,1,4,0.3351234456644373,dave,success
2025-10-01 10:31:00,10.0.0.2,9,31,63,9,1,9,0.3895740932011471,alice,failed
2025-10-01 10:32:00,10.0.0.1,6,4,113,2,1,2,0.7723111690155482,charlie,success
2025-10-01 10:33:00,10.0.0.2,3,12,41,1,3,2,0.637780321063886,alice,success
2025-10-01 10:34:00,192.168.0.1,4,16,91,3,3,13,0.09129734922497479,alice,success
2025-10-01 10:35:00,192.168.0.2,9,44,38,3,4,4,0.3788850719390968,bob,success
2025-10-01 10:36:00,10.0.0.1,0,41,56,0,2,8,0.4381292566325051,bob,success
2025-10-01 10:37:00,10.0.0.1,8,38,36,1,1,9,0.3058103765995226,bob,success
2025-10-01 10:38:00,192.168.0.2,9,39,90,6,3,6,0.5987048307868822,charlie,failed
2025-10-01 10:39:00,10.0.0.2,6,41,23,3,0,1,0.9886460329442394,alice,failed
2025-10-01 10:40:00,192.168.0.1,0,0,138,8,4,5,0.3208550081774171,charlie,success
2025-10-01 10:41:00,10.0.0.1,9,7,71,9,2,2,0.8358035583355313,dave,success
2025-10-01 10:42:00,192.168.0.2,2,17,25,7,3,12,0.8432389942862304,bob,success
2025-10-01 10:43:00,10.0.0.2,8,42,61,3,0,8,0.8626886373881281,charlie,success
2025-10-01 10:44:00,192.168.0.1,6,37,66,1,3,14,0.7676520629477063,alice,success
2025-10-01 10:45:00,10.0.0.1,8,31,108,5,4,5,0.9120558115194847,bob,success
2025-10-01 10:46:00,10.0.0.1,7,38,25,6,0,14,0.49673633894645286,dave,success
2025-10-01 10:47:00,192.168.0.2,1,49,17,6,4,3,0.1932258713971312,bob,success
2025-10-01 10:48:00,192.168.0.1,0,20,129,4,1,5,0.472058051354009,charlie,success
2025-10-01 10:49:00,10.0.0.1,4,49,17,9,2,5,0.1831242944020326,alice,success
2025-10-01 10:50:00,192.168.0.1,3,47,114,0,4,6,0.37974644425947435,dave,success
2025-10-01 10:51:00,10.0.0.1,9,5,130,5,3,4,0.782528910459255,bob,success
2025-10-01 10:52:00,192.168.0.1,5,48,71,0,0,14,0.06626840068468154,charlie,success
2025-10-01 10:53:00,10.0.0.1,7,44,41,8,2,6,0.8702995662458153,charlie,success
2025-10-01 10:54:00,192.168.0.2,9,4,51,3,1,1,0.9741841409844038,dave,success
2025-10-01 10:55:00,10.0.0.1,3,30,66,6,3,2,0.40002349817874605,alice,success
2025-10-01 10:56:00,192.168.0.1,1,13,117,8,1,12,0.0014746411663316694,dave,success
2025-10-01 10:57:00,10.0.0.2,8,47,130,9,3,7,0.33426901575451495,bob,success
2025-10-01 10:58:00,10.0.0.2,9,29,4,8,0,2,0.6226515936252685,charlie,success
2025-10-01 10:59:00,10.0.0.2,9,28,80,1,3,10,0.4294021474578168,dave,success
2025-10-01 11:00:00,192.168.0.2,9,46,134,2,1,9,0.8273219989564627,bob,failed
2025-10-01 11:01:00,192.168.0.1,8,15,108,8,3,11,0.11481535609695459,charlie,failed
2025-10-01 11:02:00,10.0.0.2,5,40,77,1,2,14,0.9293418446405711,charlie,success
2025-10-01 11:03:00,10.0.0.2,2,13,148,0,1,6,0.6433940221504864,dave,success
2025-10-01 11:04:00,10.0.0.2,9,21,9,9,2,5,0.517918955885491,charlie,success
2025-10-01 11:05:00,10.0.0.1,8,40,54,9,4,12,0.3109716101723775,dave,success
2025-10-01 11:06:00,10.0.0.1,0,3,132,3,4,13,0.5461041906457824,alice,success
2025-10-01 11:07:00,10.0.0.1,2,34,119,3,4,11,0.9483573155443981,alice,failed
2025-10-01 11:08:00,10.0.0.1,7,6,19,1,2,3,0.42957964474833066,alice,failed
2025-10-01 11:09:00,192.168.0.1,6,38,110,5,4,8,0.3221890602383509,dave,success
2025-10-01 11:10:00,10.0.0.2,2,8,51,5,3,6,0.18612636777013214,bob,failed
2025-10-01 11:11:00,192.168.0.2,5,2,58,7,1,3,0.6273811263398549,dave,success
2025-10-01 11:12:00,10.0.0.2,2,35,39,6,3,1,0.9217958600198403,dave,success
2025-10-01 11:13:00,192.168.0.2,8,27,82,5,1,14,0.3625722448207077,charlie,success
2025-10-01 11:14:00,10.0.0.2,6,10,26,0,0,4,0.6594958144362855,bob,success
2025-10-01 11:15:00,192.168.0.2,6,26,88,6,1,8,0.8065145059059001,dave,success
2025-10-01 11:16:00,192.168.0.1,8,29,73,6,0,3,0.5362245400438207,dave,success
2025-10-01 11:17:00,10.0.0.2,9,3,115,9,2,9,0.6991560470941233,bob,success
2025-10-01 11:18:00,10.0.0.1,3,43,9,6,4,3,0.48415816033116166,alice,failed
2025-10-01 11:19:00,10.0.0.1,3,1,104,7,2,9,0.48958805563063745,alice,success
2025-10-01 11:20:00,10.0.0.1,8,21,20,2,0,12,0.2216960984438292,charlie,success
2025-10-01 11:21:00,192.168.0.2,7,45,55,0,1,2,0.8335353278438318,dave,success
2025-10-01 11:22:00,10.0.0.1,1,48,147,0,4,6,0.7725540419883036,charlie,success
2025-10-01 11:23:00,10.0.0.1,3,15,50,1,2,9,0.28293409374725187,alice,failed
2025-10-01 11:24:00,192.168.0.1,0,31,64,2,2,10,0.02188743336918819,dave,success
2025-10-01 11:25:00,10.0.0.2,9,2,80,7,1,4,0.14991464775768426,charlie,failed
2025-10-01 11:26:00,192.168.0.1,3,13,5,8,4,8,0.9811302380322231,charlie,success
2025-10-01 11:27:00,192.168.0.2,4,39,119,7,4,14,0.09876096191347661,dave,success
2025-10-01 11:28:00,192.168.0.1,1,18,7,7,1,14,0.6128375827310947,bob,success
2025-10-01 11:29:00,10.0.0.2,3,37,75,6,1,9,0.20190649240660885,alice,success
2025-10-01 11:30:00,10.0.0.2,2,13,76,1,3,7,0.9888515770732146,dave,success
2025-10-01 11:31:00,10.0.0.2,8,35,46,9,3,12,0.3498563263369845,alice,failed
2025-10-01 11:32:00,10.0.0.2,9,0,94,5,0,9,0.766517338850948,bob,success
2025-10-01 11:33:00,192.168.0.1,1,35,131,6,0,13,0.26073890074393113,charlie,success
2025-10-01 11:34:00,192.168.0.1,7,16,78,9,1,13,0.7375270485799403,charlie,success
2025-10-01 11:35:00,10.0.0.2,7,5,106,8,0,4,0.2973353003325345,bob,success
2025-10-01 11:36:00,192.168.0.1,7,45,148,3,1,11,0.3047049082187774,dave,success
2025-10-01 11:37:00,192.168.0.1,5,44,107,8,0,2,0.5718840280452347,bob,success
2025-10-01 11:38:00,10.0.0.1,9,35,83,4,4,14,0.763540465133883,alice,success
2025-10-01 11:39:00,10.0.0.1,5,1,129,2,4,9,0.36447522989721437,bob,success
2025-10-01 11:40:00,10.0.0.2,5,13,126,9,2,6,0.9653376362272358,dave,failed
2025-10-01 11:41:00,192.168.0.2,8,20,117,6,1,10,0.7930688837844536,bob,success
2025-10-01 11:42:00,192.168.0.1,2,16,51,0,1,11,0.6125092345974874,charlie,success
2025-10-01 11:43:00,192.168.0.2,5,18,16,1,0,12,0.2865512790056255,charlie,success
2025-10-01 11:44:00,192.168.0.1,9,10,92,4,0,11,0.6637401453958665,charlie,success
2025-10-01 11:45:00,192.168.0.2,4,28,140,2,2,10,0.2948633761475924,dave,success
2025-10-01 11:46:00,10.0.0.2,4,27,141,8,2,3,0.8658034834845153,dave,success
2025-10-01 11:47:00,192.168.0.1,5,14,72,3,3,4,0.8809695615164505,bob,success
2025-10-01 11:48:00,192.168.0.1,7,40,81,7,1,10,0.4312276894709398,alice,failed
2025-10-01 11:49:00,192.168.0.1,7,9,136,8,1,6,0.14014238296079617,alice,success
2025-10-01 11:50:00,10.0.0.1,3,31,97,0,3,4,0.14525395318445466,bob,success
2025-10-01 11:51:00,10.0.0.2,9,8,111,3,0,7,0.9277239187319419,dave,failed
2025-10-01 11:52:00,10.0.0.2,8,49,110,7,1,5,0.02545278871867518,charlie,success
2025-10-01 11:53:00,10.0.0.1,5,38,67,2,0,1,0.15922124123179804,bob,success
2025-10-01 11:54:00,192.168.0.1,7,17,61,3,1,5,0.4245043545171088,alice,success
2025-10-01 11:55:00,10.0.0.1,0,2,76,1,1,7,0.48004749579378814,bob,success
2025-10-01 11:56:00,192.168.0.2,8,21,51,8,4,7,0.03706751837633315,alice,success
2025-10-01 11:57:00,192.168.0.2,2,9,71,7,3,5,0.35248085739606405,alice,success
2025-10-01 11:58:00,10.0.0.1,3,45,29,7,0,1,0.4755568774448994,dave,success
2025-10-01 11:59:00,192.168.0.2,4,46,80,3,2,6,0.6510937090004143,alice,success
2025-10-01 12:00:00,10.0.0.2,6,37,51,7,1,3,0.7645055867180763,alice,success
2025-10-01 12:01:00,10.0.0.2,6,31,43,0,1,4,0.8960040653853633,alice,failed
2025-10-01 12:02:00,192.168.0.2,4,29,146,0,0,11,0.8328528527854561,bob,failed
2025-10-01 12:03:00,10.0.0.1,1,6,29,4,4,14,0.016182739720115635,alice,success
2025-10-01 12:04:00,10.0.0.1,7,10,22,2,0,2,0.6886606030347054,alice,success
2025-10-01 12:05:00,10.0.0.1,4,11,8,7,4,3,0.5396440862182478,alice,failed
2025-10-01 12:06:00,10.0.0.1,1,10,30,6,1,4,0.8460789687874507,alice,success
2025-10-01 12:07:00,10.0.0.1,9,15,148,4,4,10,0.20381792651609,charlie,success
2025-10-01 12:08:00,192.168.0.1,5,40,11,9,2,2,0.03522375568127745,bob,success
2025-10-01 12:09:00,10.0.0.2,0,39,126,2,3,11,0.13083539232587926,dave,success
2025-10-01 12:10:00,192.168.0.1,4,19,140,5,0,13,0.09681514336710229,dave,failed
2025-10-01 12:11:00,192.168.0.1,0,37,33,9,3,6,0.09162764911097487,bob,success
2025-10-01 12:12:00,192.168.0.2,0,10,48,1,3,13,0.7787745783727642,charlie,success
2025-10-01 12:13:00,10.0.0.2,3,28,14,1,2,4,0.47454300578204833,charlie,success
2025-10-01 12:14:00,10.0.0.1,8,19,5,8,4,8,0.7271551475002923,dave,success
2025-10-01 12:15:00,10.0.0.2,4,0,8,8,2,5,0.843994225024359,bob,failed
2025-10-01 12:16:00,192.168.0.2,2,7,89,9,1,8,0.32128696637365206,alice,success
2025-10-01 12:17:00,10.0.0.1,3,16,12,5,4,1,0.9487770647713528,dave,success
2025-10-01 12:18:00,192.168.0.2,3,30,21,2,0,8,0.36039639104264376,bob,success
2025-10-01 12:19:00,192.168.0.1,6,5,91,6,0,9,0.11671948683379652,alice,failed
2025-10-01 12:20:00,10.0.0.2,7,11,2,9,2,10,0.9023269963057744,alice,success
2025-10-01 12:21:00,192.168.0.1,4,13,40,0,3,13,0.07720840859233757,bob,success
2025-10-01 12:22:00,192.168.0.2,2,10,107,5,1,9,0.11949438793757927,dave,success
2025-10-01 12:23:00,10.0.0.1,4,1,79,0,1,5,0.7922000399017178,alice,success
2025-10-01 12:24:00,10.0.0.2,7,4,49,8,0,2,0.9444375669389669,bob,success
2025-10-01 12:25:00,192.168.0.1,7,0,78,5,1,13,0.7685959527476858,dave,success
2025-10-01 12:26:00,192.168.0.1,7,4,73,3,2,2,0.8840579212973075,alice,success
2025-10-01 12:27:00,192.168.0.1,2,2,148,0,3,4,0.6846094519308836,dave,success
2025-10-01 12:28:00,10.0.0.1,8,38,57,7,0,6,0.10759900230602881,alice,success
2025-10-01 12:29:00,192.168.0.2,5,17,54,5,2,10,0.7691591951522563,dave,success
2025-10-01 12:30:00,10.0.0.2,0,8,90,3,2,3,0.9749945751551189,dave,failed
2025-10-01 12:31:00,192.168.0.2,8,40,123,9,2,13,0.862477994113258,alice,success
2025-10-01 12:32:00,192.168.0.1,4,39,83,2,3,10,0.9053089478651624,alice,success
2025-10-01 12:33:00,192.168.0.1,1,20,116,7,1,2,0.6129848731765882,bob,failed
2025-10-01 12:34:00,10.0.0.1,0,24,83,3,4,2,0.6864555351529635,bob,success
2025-10-01 12:35:00,10.0.0.1,5,6,52,8,0,7,0.8415443289761697,dave,success
2025-10-01 12:36:00,10.0.0.1,6,38,121,2,0,7,0.6647668117741672,dave,success
2025-10-01 12:37:00,10.0.0.2,1,30,83,4,0,13,0.04721963218553904,bob,failed
2025-10-01 12:38:00,10.0.0.2,1,10,73,7,1,7,0.009901009142925354,charlie,success
2025-10-01 12:39:00,10.0.0.1,8,1,89,7,4,12,0.39685211235720363,dave,success
2025-10-01 12:40:00,10.0.0.1,0,23,50,3,3,13,0.35595485794369874,bob,success
2025-10-01 12:41:00,10.0.0.2,3,43,46,9,2,12,0.34656674253430353,alice,success
2025-10-01 12:42:00,10.0.0.2,1,25,120,3,1,3,0.9771930501130816,charlie,failed
2025-10-01 12:43:00,10.0.0.1,7,6,47,9,2,7,0.6121706219923904,bob,failed
2025-10-01 12:44:00,192.168.0.1,7,8,56,5,0,4,0.15080900127982255,dave,success
2025-10-01 12:45:00,10.0.0.2,4,4,100,8,4,6,0.5329975817992031,alice,success
2025-10-01 12:46:00,192.168.0.1,6,14,91,9,0,2,0.5988960891509029,bob,success
2025-10-01 12:47:00,10.0.0.1,9,5,144,8,0,9,0.9131565032506491,bob,success
2025-10-01 12:48:00,10.0.0.2,7,44,98,0,3,6,0.026720081114437133,dave,success
2025-10-01 12:49:00,192.168.0.1,1,17,111,6,0,5,0.8195819603182891,charlie,failed
2025-10-01 12:50:00,10.0.0.2,1,12,73,8,2,3,0.5615072245168252,dave,success
2025-10-01 12:51:00,10.0.0.2,3,12,54,6,1,14,0.3807294211283062,charlie,success
2025-10-01 12:52:00,10.0.0.1,3,45,113,9,0,1,0.22468956570092402,dave,success
2025-10-01 12:53:00,10.0.0.2,3,36,125,8,1,4,0.2356417958473167,charlie,success
2025-10-01 12:54:00,192.168.0.2,4,18,120,9,1,6,0.859780721411218,dave,success
2025-10-01 12:55:00,192.168.0.2,1,44,79,1,2,8,0.6236277754402872,dave,success
2025-10-01 12:56:00,10.0.0.2,6,43,100,7,2,14,0.8152991916301427,charlie,failed
2025-10-01 12:57:00,192.168.0.2,3,44,71,5,1,10,0.22667079710972904,charlie,success
2025-10-01 12:58:00,10.0.0.1,5,18,20,0,2,7,0.5999077981423072,bob,success
2025-10-01 12:59:00,10.0.0.2,5,47,140,5,0,12,0.9929441199920902,dave,success
2025-10-01 13:00:00,10.0.0.2,1,6,72,6,1,7,0.28805847158289166,charlie,failed
2025-10-01 13:01:00,10.0.0.1,3,13,130,9,0,14,0.818522603145682,charlie,success
2025-10-01 13:02:00,10.0.0.2,3,25,92,5,2,12,0.5344460407793002,dave,success
2025-10-01 13:03:00,10.0.0.1,1,25,72,9,2,10,0.6315664145335935,bob,success
2025-10-01 13:04:00,10.0.0.2,1,14,108,4,0,9,0.7768035880553994,charlie,success
2025-10-01 13:05:00,10.0.0.2,3,34,6,0,3,3,0.4050857093228257,alice,success
2025-10-01 13:06:00,10.0.0.1,0,48,76,2,4,3,0.03751452783379616,dave,success
2025-10-01 13:07:00,192.168.0.2,5,13,133,4,3,6,0.8982507179994377,dave,success
2025-10-01 13:08:00,192.168.0.2,4,13,103,1,4,8,0.9958773068847391,dave,success
2025-10-01 13:09:00,192.168.0.1,2,1,58,4,3,4,0.36285661448595175,dave,success
2025-10-01 13:10:00,10.0.0.2,6,30,53,1,0,5,0.6822901236712446,dave,success
2025-10-01 13:11:00,10.0.0.2,3,12,77,9,1,1,0.7709011756536537,charlie,success
2025-10-01 13:12:00,192.168.0.2,5,5,130,5,4,1,0.8704262797634733,bob,failed
2025-10-01 13:13:00,10.0.0.2,6,48,129,1,4,5,0.5847025399606127,dave,success
2025-10-01 13:14:00,192.168.0.1,8,23,69,7,3,6,0.4001354756255161,charlie,success
2025-10-01 13:15:00,10.0.0.1,5,42,28,8,4,4,0.05080716666435636,alice,success
2025-10-01 13:16:00,192.168.0.2,0,46,62,0,2,7,0.7301869014079458,bob,success
2025-10-01 13:17:00,10.0.0.1,8,48,65,7,3,13,0.8068800546021644,alice,failed
2025-10-01 13:18:00,10.0.0.1,1,40,120,8,3,9,0.782760287354611,alice,success
2025-10-01 13:19:00,10.0.0.1,6,10,86,3,4,7,0.4827608381288323,dave,failed
2025-10-01 13:20:00,10.0.0.2,9,20,141,3,2,4,0.904651183510742,dave,success
2025-10-01 13:21:00,192.168.0.1,5,5,25,1,2,10,0.31055396184790074,charlie,success
2025-10-01 13:22:00,10.0.0.1,0,23,80,7,2,9,0.7117534107411543,bob,success
2025-10-01 13:23:00,10.0.0.2,2,10,149,1,1,2,0.9533385878353531,charlie,success
2025-10-01 13:24:00,192.168.0.2,6,11,93,5,0,8,0.6276342735213882,charlie,success
2025-10-01 13:25:00,192.168.0.2,3,42,14,2,2,3,0.6117554000793323,dave,success
2025-10-01 13:26:00,192.168.0.1,3,25,50,6,0,1,0.5583297883477387,dave,success
2025-10-01 13:27:00,10.0.0.1,5,37,73,3,0,4,0.15509945917901302,dave,failed
2025-10-01 13:28:00,10.0.0.2,6,43,137,1,3,2,0.23085492264245666,dave,success
2025-10-01 13:29:00,192.168.0.1,3,31,10,6,3,5,0.10213108418408257,dave,success
2025-10-01 13:30:00,192.168.0.1,8,5,36,3,4,8,0.7384451362310243,bob,success
2025-10-01 13:31:00,192.168.0.2,2,1,41,1,2,10,0.8409951781412747,charlie,success
2025-10-01 13:32:00,10.0.0.2,2,43,66,9,3,4,0.49783016500415733,bob,success
2025-10-01 13:33:00,10.0.0.2,4,26,92,0,3,14,0.45456147488778975,dave,success
2025-10-01 13:34:00,192.168.0.1,2,11,129,0,1,8,0.2580743640446883,dave,success
2025-10-01 13:35:00,192.168.0.2,3,29,44,4,0,8,0.15538423857214556,bob,failed
2025-10-01 13:36:00,192.168.0.2,6,0,55,4,0,1,0.6917691405488419,charlie,success
2025-10-01 13:37:00,192.168.0.1,7,0,136,6,1,9,0.057264438898073755,dave,success
2025-10-01 13:38:00,10.0.0.1,6,49,118,6,4,5,0.8375021784477282,dave,success
2025-10-01 13:39:00,10.0.0.2,8,8,128,1,1,10,0.9172752719467774,alice,success
2025-10-01 13:40:00,192.168.0.2,3,5,108,4,1,8,0.8670337262563808,bob,success
2025-10-01 13:41:00,10.0.0.1,4,5,99,3,3,14,0.542410615928054,dave,success
2025-10-01 13:42:00,192.168.0.1,1,27,11,8,1,4,0.45449055959007534,charlie,success
2025-10-01 13:43:00,192.168.0.2,5,30,75,3,1,5,0.047411571359478266,bob,failed
2025-10-01 13:44:00,192.168.0.1,5,44,119,4,4,1,0.22438184403977235,charlie,failed
2025-10-01 13:45:00,192.168.0.1,7,1,122,7,4,8,0.6055456702483869,alice,failed
2025-10-01 13:46:00,192.168.0.1,8,0,87,1,1,10,0.07173741879532913,bob,failed
2025-10-01 13:47:00,192.168.0.1,1,25,106,1,0,13,0.5074788903113089,alice,success
2025-10-01 13:48:00,10.0.0.1,3,18,107,0,2,7,0.832072470798499,bob,success
2025-10-01 13:49:00,10.0.0.2,0,5,2,2,1,9,0.32279362164115666,charlie,success
2025-10-01 13:50:00,10.0.0.1,6,36,86,4,0,2,0.7651862888143434,bob,success
2025-10-01 13:51:00,10.0.0.1,7,21,51,0,3,10,0.9530343498377162,dave,success
2025-10-01 13:52:00,192.168.0.1,4,26,37,0,1,11,0.7207720970155881,bob,success
2025-10-01 13:53:00,10.0.0.2,9,49,15,4,4,3,0.4611078997752558,dave,failed
2025-10-01 13:54:00,10.0.0.2,4,6,38,6,2,9,0.3922226312250401,bob,success
2025-10-01 13:55:00,192.168.0.2,5,8,148,3,3,4,0.07045513755017485,dave,success
2025-10-01 13:56:00,10.0.0.1,4,46,2,3,3,12,0.7552072617365977,charlie,success
2025-10-01 13:57:00,10.0.0.2,3,13,97,9,0,2,0.2600859660005336,bob,success
2025-10-01 13:58:00,192.168.0.1,0,34,119,0,1,13,0.4597231350201144,bob,success
2025-10-01 13:59:00,10.0.0.1,5,27,29,0,2,2,0.27335097159619925,charlie,success
2025-10-01 14:00:00,192.168.0.1,3,3,9,3,4,4,0.02313181261410846,dave,failed
2025-10-01 14:01:00,192.168.0.2,3,37,82,1,4,4,0.3476687535633268,alice,failed
2025-10-01 14:02:00,192.168.0.2,3,10,109,0,1,6,0.6249700185478735,dave,failed
2025-10-01 14:03:00,192.168.0.2,7,6,137,9,3,10,0.28101230597023263,alice,success
2025-10-01 14:04:00,10.0.0.1,1,11,25,2,2,13,0.21171834641666987,bob,failed
2025-10-01 14:05:00,192.168.0.2,0,13,118,9,3,9,0.32918825985893685,alice,success
2025-10-01 14:06:00,192.168.0.2,9,26,20,3,3,4,0.8236193327538879,alice,success
2025-10-01 14:07:00,10.0.0.2,7,42,131,4,2,5,0.32736857112202034,dave,success
2025-10-01 14:08:00,192.168.0.2,7,0,121,2,3,4,0.7237907606680216,charlie,failed
2025-10-01 14:09:00,10.0.0.1,7,7,143,0,1,5,0.3543002002497989,dave,success
2025-10-01 14:10:00,10.0.0.2,3,26,0,5,4,11,0.9351062852653965,alice,success
2025-10-01 14:11:00,192.168.0.1,8,10,137,1,2,9,0.5151273154490417,charlie,success
2025-10-01 14:12:00,192.168.0.2,7,19,27,7,3,11,0.9029556523367721,bob,success
2025-10-01 14:13:00,192.168.0.2,8,48,104,3,3,12,0.8379460491932615,charlie,success
2025-10-01 14:14:00,10.0.0.1,3,15,4,5,1,12,0.10036897317870763,bob,success
2025-10-01 14:15:00,10.0.0.1,1,30,67,3,1,13,0.4649501254606301,bob,failed
2025-10-01 14:16:00,192.168.0.1,1,24,57,4,3,5,0.38000586164290306,bob,success
2025-10-01 14:17:00,10.0.0.2,3,20,28,2,4,1,0.916199121063601,charlie,failed
2025-10-01 14:18:00,192.168.0.2,4,13,51,5,1,7,0.7487955012961066,alice,success
2025-10-01 14:19:00,192.168.0.2,6,9,99,1,0,5,0.6707891645500056,alice,failed
2025-10-01 14:20:00,192.168.0.2,6,28,20,3,0,9,0.9731191381978754,charlie,success
2025-10-01 14:21:00,10.0.0.1,7,12,45,9,2,4,0.15223722188643707,bob,failed
2025-10-01 14:22:00,192.168.0.1,9,45,40,6,3,10,0.29434940949265953,charlie,failed
2025-10-01 14:23:00,192.168.0.1,9,43,94,0,4,7,0.314712072041174,dave,success
2025-10-01 14:24:00,10.0.0.2,7,38,13,2,2,12,0.3791363473219289,charlie,failed
2025-10-01 14:25:00,10.0.0.2,2,7,82,4,4,8,0.31486818700629216,bob,success
2025-10-01 14:26:00,10.0.0.2,1,8,133,4,3,13,0.6425871768567253,bob,success
2025-10-01 14:27:00,192.168.0.2,0,5,80,5,2,1,0.12069242213065079,dave,success
2025-10-01 14:28:00,10.0.0.1,1,9,59,5,2,12,0.21194761415027819,bob,success
2025-10-01 14:29:00,192.168.0.1,4,30,98,5,3,13,0.252533519674051,charlie,success
2025-10-01 14:30:00,192.168.0.1,5,3,1,2,1,11,0.343272860819953,dave,success
2025-10-01 14:31:00,10.0.0.2,9,35,26,0,4,13,0.9954008549498006,dave,success
2025-10-01 14:32:00,10.0.0.1,3,7,145,5,3,3,0.1410525848896248,dave,failed
2025-10-01 14:33:00,192.168.0.2,2,2,65,6,0,1,0.20470553437492212,alice,success
2025-10-01 14:34:00,10.0.0.1,1,34,28,8,0,12,0.4621383814612946,alice,success
2025-10-01 14:35:00,10.0.0.1,0,20,54,5,4,9,0.7272052762293253,bob,success
2025-10-01 14:36:00,192.168.0.1,0,13,104,4,1,12,0.37628874159430437,alice,success
2025-10-01 14:37:00,10.0.0.2,2,47,16,7,1,1,0.5993921620135382,alice,success
2025-10-01 14:38:00,10.0.0.1,1,7,22,4,0,12,0.4396250790675814,dave,failed
2025-10-01 14:39:00,192.168.0.1,3,43,105,7,4,2,0.9172066258651124,alice,success
2025-10-01 14:40:00,10.0.0.1,3,7,21,1,4,3,0.8155907022565837,charlie,failed
2025-10-01 14:41:00,10.0.0.2,2,17,89,8,4,13,0.4259661619462497,alice,success
2025-10-01 14:42:00,192.168.0.2,7,41,69,1,4,6,0.2918971959015295,alice,success
2025-10-01 14:43:00,10.0.0.2,5,26,58,1,1,12,0.4633295048500896,dave,success
2025-10-01 14:44:00,10.0.0.2,7,38,38,8,4,14,0.5334802390038861,bob,failed
2025-10-01 14:45:00,192.168.0.2,6,24,15,6,4,6,0.7081512711126345,bob,success
2025-10-01 14:46:00,192.168.0.2,5,0,67,9,4,4,0.2929292312970241,dave,success
2025-10-01 14:47:00,192.168.0.1,4,40,25,7,1,10,0.9323106652516747,dave,success
2025-10-01 14:48:00,192.168.0.2,9,20,118,9,0,13,0.9957312029171863,dave,failed
2025-10-01 14:49:00,192.168.0.2,8,43,133,9,0,12,0.37702284190006075,alice,success
2025-10-01 14:50:00,10.0.0.2,4,32,59,3,2,9,0.12331651525282306,charlie,success
2025-10-01 14:51:00,10.0.0.1,1,26,30,5,3,13,0.6930552697824619,charlie,success
2025-10-01 14:52:00,10.0.0.1,1,29,98,6,0,9,0.3749533912776155,bob,success
2025-10-01 14:53:00,192.168.0.2,0,47,120,2,2,1,0.5167803391689978,charlie,success
2025-10-01 14:54:00,192.168.0.1,1,43,62,1,4,8,0.4118593568076807,charlie,failed
2025-10-01 14:55:00,10.0.0.1,3,10,36,6,0,13,0.666085320903151,bob,success
2025-10-01 14:56:00,192.168.0.1,6,35,148,1,4,9,0.5001947192788396,bob,success
2025-10-01 14:57:00,192.168.0.1,9,30,118,2,2,9,0.5042612475891449,dave,success
2025-10-01 14:58:00,192.168.0.2,6,26,133,3,3,5,0.9611422093260285,alice,success
2025-10-01 14:59:00,10.0.0.1,4,28,82,4,2,9,0.971871511769255,bob,failed
2025-10-01 15:00:00,192.168.0.1,2,32,78,4,1,14,0.04189287118159912,bob,success
2025-10-01 15:01:00,10.0.0.1,0,12,5,4,3,9,0.6714955974597517,alice,success
2025-10-01 15:02:00,10.0.0.1,6,36,67,3,4,8,0.20649842567519572,bob,success
2025-10-01 15:03:00,192.168.0.1,3,19,110,6,2,4,0.696932552056729,bob,failed
2025-10-01 15:04:00,10.0.0.2,4,30,41,7,0,8,0.06748208735580752,charlie,success
2025-10-01 15:05:00,192.168.0.1,5,25,38,0,4,2,0.5694239523844595,dave,success
2025-10-01 15:06:00,192.168.0.1,0,33,147,1,4,9,0.35982620814399957,dave,failed
2025-10-01 15:07:00,10.0.0.1,3,22,52,9,2,10,0.9078726034427628,bob,success
2025-10-01 15:08:00,192.168.0.1,9,16,70,4,3,3,0.5653388243220551,charlie,success
2025-10-01 15:09:00,10.0.0.2,5,18,143,5,3,1,0.8903862663827403,alice,success
2025-10-01 15:10:00,10.0.0.2,6,21,50,9,0,4,0.30170697522860257,charlie,success
2025-10-01 15:11:00,192.168.0.2,1,38,53,8,3,8,0.7551581351454297,alice,success
2025-10-01 15:12:00,10.0.0.1,6,29,95,3,1,6,0.27375048103318034,bob,success
2025-10-01 15:13:00,10.0.0.2,9,2,81,0,3,5,0.3288961122521824,charlie,success
2025-10-01 15:14:00,10.0.0.1,2,12,135,4,2,7,0.19512535121529262,bob,failed
2025-10-01 15:15:00,192.168.0.2,8,4,141,9,1,4,0.0881283288930449,bob,success
2025-10-01 15:16:00,192.168.0.2,6,27,144,4,1,2,0.23793124939524968,bob,success
2025-10-01 15:17:00,192.168.0.1,8,41,119,1,1,5,0.7546127405654633,dave,failed
2025-10-01 15:18:00,192.168.0.1,9,36,7,3,4,2,0.9651749570591399,dave,success
2025-10-01 15:19:00,10.0.0.1,3,2,48,5,4,13,0.4954594359184683,alice,failed
2025-10-01 15:20:00,192.168.0.2,5,11,56,9,1,7,0.7410166856015432,dave,success
2025-10-01 15:21:00,192.168.0.2,4,18,47,9,3,1,0.604855363046637,bob,failed
2025-10-01 15:22:00,192.168.0.2,1,39,42,2,4,9,0.4022715250907992,bob,failed
2025-10-01 15:23:00,192.168.0.2,0,47,49,4,3,2,0.08157386651431464,charlie,success
2025-10-01 15:24:00,10.0.0.2,6,23,83,4,1,13,0.6191852503109945,alice,success
2025-10-01 15:25:00,192.168.0.1,4,4,39,2,3,4,0.4983603122694722,bob,success
2025-10-01 15:26:00,192.168.0.2,5,19,77,7,3,6,0.18035501401961362,alice,success
2025-10-01 15:27:00,192.168.0.1,9,43,31,8,0,7,0.416007763650586,bob,success
2025-10-01 15:28:00,192.168.0.2,1,48,16,2,3,12,0.20023569707395206,dave,success
2025-10-01 15:29:00,10.0.0.1,2,49,61,5,1,7,0.4497814868940603,charlie,success
2025-10-01 15:30:00,10.0.0.1,5,16,129,0,0,3,0.6953308605198405,dave,success
2025-10-01 15:31:00,192.168.0.2,7,5,97,3,4,8,0.641164696166638,bob,failed
2025-10-01 15:32:00,10.0.0.1,4,40,94,3,0,3,0.7220499822593561,alice,success
2025-10-01 15:33:00,10.0.0.1,8,42,14,7,4,2,0.17825343948546712,alice,success
2025-10-01 15:34:00,192.168.0.2,7,34,113,2,1,13,0.9138991493483151,alice,success
2025-10-01 15:35:00,10.0.0.2,8,40,39,4,0,1,0.030748897665010877,alice,failed
2025-10-01 15:36:00,10.0.0.1,1,8,53,5,4,7,0.7856736216538955,dave,success
2025-10-01 15:37:00,10.0.0.2,8,13,52,9,1,5,0.8056352324037013,alice,success
2025-10-01 15:38:00,192.168.0.2,0,0,7,2,2,8,0.4360529474915249,charlie,success
2025-10-01 15:39:00,192.168.0.1,2,25,47,4,4,7,0.5953519179368463,alice,success
2025-10-01 15:40:00,10.0.0.2,2,36,139,4,3,11,0.6877940332623811,bob,success
2025-10-01 15:41:00,10.0.0.1,6,16,88,6,4,11,0.9192801080008995,charlie,success
2025-10-01 15:42:00,10.0.0.1,6,40,1,4,0,9,0.9782794855027666,charlie,success
2025-10-01 15:43:00,192.168.0.2,7,32,114,0,4,14,0.4416134702589719,dave,failed
2025-10-01 15:44:00,10.0.0.2,3,23,147,5,2,11,0.8598450524396034,alice,failed
2025-10-01 15:45:00,192.168.0.2,7,5,104,5,1,4,0.7329068473920942,alice,failed
2025-10-01 15:46:00,10.0.0.2,5,30,91,0,2,7,0.8176657576382547,alice,failed
2025-10-01 15:47:00,192.168.0.2,1,40,66,1,1,4,0.3553068149831704,dave,success
2025-10-01 15:48:00,192.168.0.2,7,13,113,7,2,13,0.6201721617927461,alice,success
2025-10-01 15:49:00,192.168.0.2,1,2,84,6,3,10,0.3829771551639709,alice,success
2025-10-01 15:50:00,192.168.0.1,6,9,135,1,4,1,0.7264264470340172,bob,success
2025-10-01 15:51:00,192.168.0.1,6,38,125,1,2,11,0.9438850373289552,dave,success
2025-10-01 15:52:00,10.0.0.2,7,42,29,9,0,12,0.6571241044056944,bob,success
2025-10-01 15:53:00,192.168.0.1,5,38,147,7,3,1,0.6365926536525447,charlie,success
2025-10-01 15:54:00,10.0.0.1,7,10,121,2,4,12,0.3888708591197525,alice,success
2025-10-01 15:55:00,192.168.0.2,7,46,69,3,0,10,0.48470505538344033,bob,success
2025-10-01 15:56:00,192.168.0.1,0,13,97,6,4,10,0.8197233820029556,dave,failed
2025-10-01 15:57:00,192.168.0.1,9,21,26,5,4,10,0.5733202795273091,bob,success
2025-10-01 15:58:00,192.168.0.1,6,44,85,9,1,6,0.9516803400292705,bob,success
2025-10-01 15:59:00,192.168.0.2,2,32,108,3,2,12,0.6243536068561437,alice,success
2025-10-01 16:00:00,192.168.0.2,4,21,113,1,1,12,0.23441760109959775,dave,success
2025-10-01 16:01:00,192.168.0.2,7,45,17,3,2,14,0.6151356527930255,alice,success
2025-10-01 16:02:00,10.0.0.1,4,42,62,3,1,11,0.8449724456330121,charlie,success
2025-10-01 16:03:00,10.0.0.1,1,43,114,7,3,11,0.01717907571415145,dave,success
2025-10-01 16:04:00,10.0.0.2,4,22,80,1,3,1,0.0035926243250917755,alice,success
2025-10-01 16:05:00,10.0.0.2,9,32,125,4,0,11,0.32775191950319615,bob,success
2025-10-01 16:06:00,192.168.0.2,4,30,147,8,2,6,0.23000467719269113,dave,success
2025-10-01 16:07:00,10.0.0.1,9,13,48,1,0,11,0.4928539802638505,charlie,success
2025-10-01 16:08:00,10.0.0.1,7,42,149,9,2,7,0.29551152941516245,dave,success
2025-10-01 16:09:00,10.0.0.1,5,34,38,1,2,14,0.42065105960790183,charlie,success
2025-10-01 16:10:00,192.168.0.1,1,13,27,2,2,11,0.8638348552080716,charlie,success
2025-10-01 16:11:00,192.168.0.1,9,37,116,8,0,6,0.6579336432118998,charlie,success
2025-10-01 16:12:00,10.0.0.2,9,10,19,0,2,7,0.5954245802832917,alice,failed
2025-10-01 16:13:00,10.0.0.2,0,28,96,2,4,12,0.42481153046579545,alice,success
2025-10-01 16:14:00,192.168.0.2,0,11,93,7,1,9,0.04744716406853966,alice,success
2025-10-01 16:15:00,192.168.0.2,9,30,110,7,3,12,0.4406225273931762,bob,failed
2025-10-01 16:16:00,192.168.0.1,8,10,12,7,0,8,0.19596898481964253,dave,success
2025-10-01 16:17:00,10.0.0.1,7,12,88,5,4,1,0.41398248844767427,dave,success
2025-10-01 16:18:00,10.0.0.1,3,24,92,4,1,7,0.9717887385050624,dave,success
2025-10-01 16:19:00,192.168.0.1,0,5,49,5,4,5,0.7197745573316047,alice,failed
2025-10-01 16:20:00,10.0.0.2,5,28,14,9,1,12,0.15769546291997694,bob,success
2025-10-01 16:21:00,192.168.0.1,7,32,106,4,0,13,0.9755990302803198,bob,failed
2025-10-01 16:22:00,192.168.0.2,7,30,143,9,0,11,0.546393982609375,alice,success
2025-10-01 16:23:00,192.168.0.2,5,9,115,7,3,9,0.2837454435657589,alice,success
2025-10-01 16:24:00,10.0.0.2,4,24,18,6,3,7,0.835554793469444,dave,success
2025-10-01 16:25:00,192.168.0.2,8,40,51,1,3,12,0.47808605870479304,bob,success
2025-10-01 16:26:00,10.0.0.1,8,7,108,5,4,5,0.807901092313605,charlie,success
2025-10-01 16:27:00,192.168.0.2,4,42,131,3,0,7,0.8129468300270739,bob,failed
2025-10-01 16:28:00,10.0.0.1,4,18,8,2,2,14,0.32133394335131926,alice,success
2025-10-01 16:29:00,192.168.0.2,2,7,62,5,0,14,0.9728167579138186,alice,success
2025-10-01 16:30:00,192.168.0.2,0,1,46,8,4,10,0.6287319529545324,bob,success
2025-10-01 16:31:00,10.0.0.1,7,8,133,4,4,4,0.5019047216449501,alice,success
2025-10-01 16:32:00,192.168.0.1,1,16,41,6,2,6,0.3263271641128307,alice,success
2025-10-01 16:33:00,192.168.0.1,2,46,138,9,1,6,0.4240804055778896,bob,success
2025-10-01 16:34:00,10.0.0.1,2,45,75,5,2,7,0.6432515792803433,dave,success
2025-10-01 16:35:00,192.168.0.2,6,12,102,3,2,4,0.8659978359993821,charlie,success
2025-10-01 16:36:00,192.168.0.2,3,10,141,1,0,8,0.5380491677471996,alice,success
2025-10-01 16:37:00,10.0.0.2,4,30,87,5,4,8,0.5636656063902548,dave,success
2025-10-01 16:38:00,192.168.0.2,4,36,138,1,3,14,0.1783922015838315,bob,success
2025-10-01 16:39:00,10.0.0.2,6,14,39,5,3,2,0.37451143322668834,dave,success
